2026-01-07 17:22:20,926 INFO  CricketClubDAL.Db - Executing SQL: select * from matches
2026-01-07 17:22:20,937 INFO  CricketClubDAL.Db - Connection string: Server=BIG-PC\SQLEXPRESS01;Database=thevilla_scorebook;Uid=vcc;Password=****;Provider='SQLOLEDB';
2026-01-07 17:22:21,126 INFO  CricketClubDAL.Db - Found 458 rows.
2026-01-07 17:22:21,158 INFO  CricketClubDAL.Db - Executing SQL: select * from thevilla_admin.match_reports where match_id=490
2026-01-07 17:22:21,162 INFO  CricketClubDAL.Db - Found 0 rows.
2026-01-07 17:22:21,163 INFO  CricketClubDAL.Db - Executing SQL: select * from thevilla_admin.match_reports where match_id=487
2026-01-07 17:22:21,165 INFO  CricketClubDAL.Db - Found 0 rows.
2026-01-07 17:22:21,166 INFO  CricketClubDAL.Db - Executing SQL: select * from thevilla_admin.match_reports where match_id=486
2026-01-07 17:22:21,167 INFO  CricketClubDAL.Db - Found 0 rows.
2026-01-07 17:22:21,167 INFO  CricketClubDAL.Db - Executing SQL: select * from thevilla_admin.match_reports where match_id=485
2026-01-07 17:22:21,168 INFO  CricketClubDAL.Db - Found 0 rows.
2026-01-07 17:22:21,168 INFO  CricketClubDAL.Db - Executing SQL: select * from thevilla_admin.match_reports where match_id=484
2026-01-07 17:22:21,170 INFO  CricketClubDAL.Db - Found 0 rows.
2026-01-07 17:22:21,170 INFO  CricketClubDAL.Db - Executing SQL: select * from thevilla_admin.match_reports where match_id=483
2026-01-07 17:22:21,171 INFO  CricketClubDAL.Db - Found 0 rows.
2026-01-07 17:22:21,172 INFO  CricketClubDAL.Db - Executing SQL: select * from thevilla_admin.match_reports where match_id=482
2026-01-07 17:22:21,174 INFO  CricketClubDAL.Db - Found 0 rows.
2026-01-07 17:22:21,174 INFO  CricketClubDAL.Db - Executing SQL: select * from thevilla_admin.match_reports where match_id=481
2026-01-07 17:22:21,175 INFO  CricketClubDAL.Db - Found 0 rows.
2026-01-07 17:22:21,175 INFO  CricketClubDAL.Db - Executing SQL: select * from thevilla_admin.match_reports where match_id=480
2026-01-07 17:22:21,177 INFO  CricketClubDAL.Db - Found 0 rows.
2026-01-07 17:22:21,177 INFO  CricketClubDAL.Db - Executing SQL: select * from thevilla_admin.match_reports where match_id=479
2026-01-07 17:22:21,178 INFO  CricketClubDAL.Db - Found 0 rows.
2026-01-07 17:22:21,178 INFO  CricketClubDAL.Db - Executing SQL: select * from thevilla_admin.match_reports where match_id=478
2026-01-07 17:22:21,179 INFO  CricketClubDAL.Db - Found 0 rows.
2026-01-07 17:22:21,180 INFO  CricketClubDAL.Db - Executing SQL: select * from thevilla_admin.match_reports where match_id=489
2026-01-07 17:22:21,181 INFO  CricketClubDAL.Db - Found 0 rows.
2026-01-07 17:22:21,181 INFO  CricketClubDAL.Db - Executing SQL: select * from thevilla_admin.match_reports where match_id=477
2026-01-07 17:22:21,182 INFO  CricketClubDAL.Db - Found 0 rows.
2026-01-07 17:22:21,182 INFO  CricketClubDAL.Db - Executing SQL: select * from thevilla_admin.match_reports where match_id=488
2026-01-07 17:22:21,183 INFO  CricketClubDAL.Db - Found 0 rows.
2026-01-07 17:22:21,183 INFO  CricketClubDAL.Db - Executing SQL: select * from thevilla_admin.match_reports where match_id=476
2026-01-07 17:22:21,184 INFO  CricketClubDAL.Db - Found 0 rows.
2026-01-07 17:22:21,184 INFO  CricketClubDAL.Db - Executing SQL: select * from thevilla_admin.match_reports where match_id=475
2026-01-07 17:22:21,186 INFO  CricketClubDAL.Db - Found 0 rows.
2026-01-07 17:22:21,187 INFO  CricketClubDAL.Db - Executing SQL: select * from thevilla_admin.match_reports where match_id=474
2026-01-07 17:22:21,187 INFO  CricketClubDAL.Db - Found 0 rows.
2026-01-07 17:22:21,188 INFO  CricketClubDAL.Db - Executing SQL: select * from thevilla_admin.match_reports where match_id=473
2026-01-07 17:22:21,188 INFO  CricketClubDAL.Db - Found 0 rows.
2026-01-07 17:22:21,189 INFO  CricketClubDAL.Db - Executing SQL: select * from thevilla_admin.match_reports where match_id=472
2026-01-07 17:22:21,190 INFO  CricketClubDAL.Db - Found 0 rows.
2026-01-07 17:22:21,191 INFO  CricketClubDAL.Db - Executing SQL: select * from thevilla_admin.match_reports where match_id=471
2026-01-07 17:22:21,192 INFO  CricketClubDAL.Db - Found 0 rows.
2026-01-07 17:22:21,192 INFO  CricketClubDAL.Db - Executing SQL: select * from thevilla_admin.match_reports where match_id=470
2026-01-07 17:22:21,192 INFO  CricketClubDAL.Db - Found 0 rows.
2026-01-07 17:22:21,193 INFO  CricketClubDAL.Db - Executing SQL: select * from thevilla_admin.match_reports where match_id=469
2026-01-07 17:22:21,193 INFO  CricketClubDAL.Db - Found 0 rows.
2026-01-07 17:22:21,195 INFO  CricketClubDAL.Db - Executing SQL: select * from thevilla_admin.match_reports where match_id=468
2026-01-07 17:22:21,195 INFO  CricketClubDAL.Db - Found 0 rows.
2026-01-07 17:22:21,196 INFO  CricketClubDAL.Db - Executing SQL: select * from thevilla_admin.match_reports where match_id=467
2026-01-07 17:22:21,196 INFO  CricketClubDAL.Db - Found 0 rows.
2026-01-07 17:22:21,197 INFO  CricketClubDAL.Db - Executing SQL: select * from thevilla_admin.match_reports where match_id=466
2026-01-07 17:22:21,197 INFO  CricketClubDAL.Db - Found 0 rows.
2026-01-07 17:22:21,197 INFO  CricketClubDAL.Db - Executing SQL: select * from thevilla_admin.match_reports where match_id=465
2026-01-07 17:22:21,198 INFO  CricketClubDAL.Db - Found 0 rows.
2026-01-07 17:22:21,198 INFO  CricketClubDAL.Db - Executing SQL: select * from thevilla_admin.match_reports where match_id=464
2026-01-07 17:22:21,199 INFO  CricketClubDAL.Db - Found 0 rows.
2026-01-07 17:22:21,199 INFO  CricketClubDAL.Db - Executing SQL: select * from thevilla_admin.match_reports where match_id=445
2026-01-07 17:22:21,200 INFO  CricketClubDAL.Db - Found 0 rows.
2026-01-07 17:22:21,202 INFO  CricketClubDAL.Db - Executing SQL: select * from thevilla_admin.match_reports where match_id=462
2026-01-07 17:22:21,202 INFO  CricketClubDAL.Db - Found 0 rows.
2026-01-07 17:22:21,203 INFO  CricketClubDAL.Db - Executing SQL: select * from thevilla_admin.match_reports where match_id=463
2026-01-07 17:22:21,203 INFO  CricketClubDAL.Db - Found 0 rows.
2026-01-07 17:22:21,203 INFO  CricketClubDAL.Db - Executing SQL: select * from thevilla_admin.match_reports where match_id=460
2026-01-07 17:22:21,204 INFO  CricketClubDAL.Db - Found 0 rows.
2026-01-07 17:22:21,204 INFO  CricketClubDAL.Db - Executing SQL: select * from thevilla_admin.match_reports where match_id=459
2026-01-07 17:22:21,222 INFO  CricketClubDAL.Db - Found 1 rows.
2026-01-07 17:22:21,223 INFO  CricketClubDAL.Db - Executing SQL: select * from thevilla_admin.match_reports where match_id=458
2026-01-07 17:22:21,225 INFO  CricketClubDAL.Db - Found 0 rows.
2026-01-07 17:22:21,225 INFO  CricketClubDAL.Db - Executing SQL: select * from thevilla_admin.match_reports where match_id=457
2026-01-07 17:22:21,227 INFO  CricketClubDAL.Db - Found 0 rows.
2026-01-07 17:22:21,227 INFO  CricketClubDAL.Db - Executing SQL: select * from thevilla_admin.match_reports where match_id=456
2026-01-07 17:22:21,227 INFO  CricketClubDAL.Db - Found 0 rows.
2026-01-07 17:22:21,228 INFO  CricketClubDAL.Db - Executing SQL: select * from thevilla_admin.match_reports where match_id=455
2026-01-07 17:22:21,228 INFO  CricketClubDAL.Db - Found 0 rows.
2026-01-07 17:22:21,229 INFO  CricketClubDAL.Db - Executing SQL: select * from thevilla_admin.match_reports where match_id=454
2026-01-07 17:22:21,229 INFO  CricketClubDAL.Db - Found 0 rows.
2026-01-07 17:22:21,229 INFO  CricketClubDAL.Db - Executing SQL: select * from thevilla_admin.match_reports where match_id=453
2026-01-07 17:22:21,246 INFO  CricketClubDAL.Db - Found 1 rows.
2026-01-07 17:22:21,246 INFO  CricketClubDAL.Db - Executing SQL: select * from thevilla_admin.match_reports where match_id=452
2026-01-07 17:22:21,266 INFO  CricketClubDAL.Db - Found 1 rows.
2026-01-07 17:22:21,269 INFO  CricketClubDAL.Db - Executing SQL: select * from thevilla_admin.Teams where team_id = 0
2026-01-07 17:22:21,271 INFO  CricketClubDAL.Db - Found 1 rows.
2026-01-07 17:22:21,293 INFO  CricketClubDAL.Db - Executing SQL: select * from thevilla_admin.batting_scorecards where match_id = 459
2026-01-07 17:22:21,297 INFO  CricketClubDAL.Db - Found 12 rows.
2026-01-07 17:22:21,300 INFO  CricketClubDAL.Db - Executing SQL: select * from thevilla_admin.batting_scorecards where match_id = 459
2026-01-07 17:22:21,300 INFO  CricketClubDAL.Db - Found 12 rows.
2026-01-07 17:22:21,302 INFO  CricketClubDAL.Db - Executing SQL: select * from thevilla_admin.Teams where team_id = 152
2026-01-07 17:22:21,303 INFO  CricketClubDAL.Db - Found 1 rows.
2026-01-07 17:22:21,303 INFO  CricketClubDAL.Db - Executing SQL: select * from thevilla_admin.bowling_scorecards where match_id = 459
2026-01-07 17:22:21,310 INFO  CricketClubDAL.Db - Found 12 rows.
2026-01-07 17:22:21,310 INFO  CricketClubDAL.Db - Executing SQL: select * from thevilla_admin.bowling_scorecards where match_id = 459
2026-01-07 17:22:21,311 INFO  CricketClubDAL.Db - Found 12 rows.
2026-01-07 17:22:21,313 INFO  CricketClubDAL.Db - Executing SQL: select * from thevilla_admin.Teams where team_id = 135
2026-01-07 17:22:21,313 INFO  CricketClubDAL.Db - Found 1 rows.
2026-01-07 17:22:21,314 INFO  CricketClubDAL.Db - Executing SQL: select * from thevilla_admin.bowling_scorecards where match_id = 453
2026-01-07 17:22:21,315 INFO  CricketClubDAL.Db - Found 12 rows.
2026-01-07 17:22:21,317 INFO  CricketClubDAL.Db - Executing SQL: select * from thevilla_admin.bowling_scorecards where match_id = 453
2026-01-07 17:22:21,317 INFO  CricketClubDAL.Db - Found 12 rows.
2026-01-07 17:22:21,318 INFO  CricketClubDAL.Db - Executing SQL: select * from thevilla_admin.batting_scorecards where match_id = 453
2026-01-07 17:22:21,322 INFO  CricketClubDAL.Db - Found 12 rows.
2026-01-07 17:22:21,323 INFO  CricketClubDAL.Db - Executing SQL: select * from thevilla_admin.batting_scorecards where match_id = 453
2026-01-07 17:22:21,324 INFO  CricketClubDAL.Db - Found 12 rows.
2026-01-07 17:22:21,325 INFO  CricketClubDAL.Db - Executing SQL: select * from thevilla_admin.batting_scorecards where match_id = 452
2026-01-07 17:22:21,328 INFO  CricketClubDAL.Db - Found 13 rows.
2026-01-07 17:22:21,328 INFO  CricketClubDAL.Db - Executing SQL: select * from thevilla_admin.batting_scorecards where match_id = 452
2026-01-07 17:22:21,329 INFO  CricketClubDAL.Db - Found 13 rows.
2026-01-07 17:22:21,329 INFO  CricketClubDAL.Db - Executing SQL: select * from thevilla_admin.Teams where team_id = 131
2026-01-07 17:22:21,330 INFO  CricketClubDAL.Db - Found 1 rows.
2026-01-07 17:22:21,331 INFO  CricketClubDAL.Db - Executing SQL: select * from thevilla_admin.bowling_scorecards where match_id = 452
2026-01-07 17:22:21,333 INFO  CricketClubDAL.Db - Found 12 rows.
2026-01-07 17:22:21,334 INFO  CricketClubDAL.Db - Executing SQL: select * from thevilla_admin.bowling_scorecards where match_id = 452
2026-01-07 17:22:21,335 INFO  CricketClubDAL.Db - Found 12 rows.
2026-01-07 17:22:26,430 INFO  CricketClubDAL.Db - Executing SQL: select * from thevilla_admin.teams
2026-01-07 17:22:26,432 INFO  CricketClubDAL.Db - Found 158 rows.
2026-01-07 17:22:37,629 INFO  CricketClubDAL.Db - Executing SQL: select * from matches
2026-01-07 17:22:37,636 INFO  CricketClubDAL.Db - Found 458 rows.
2026-01-07 17:22:41,778 INFO  CricketClubDAL.Db - Executing SQL: select * from matches
2026-01-07 17:22:41,783 INFO  CricketClubDAL.Db - Found 458 rows.
2026-01-07 17:22:47,312 INFO  CricketClubDAL.Db - Executing SQL: select * from matches
2026-01-07 17:22:47,316 INFO  CricketClubDAL.Db - Found 458 rows.
2026-01-07 17:22:48,896 INFO  CricketClubDAL.Db - Executing SQL: select * from matches
2026-01-07 17:22:48,900 INFO  CricketClubDAL.Db - Found 458 rows.
2026-01-07 17:22:48,926 INFO  CricketClubDAL.Db - Executing SQL: select * from thevilla_admin.venues where venue_id = 106
2026-01-07 17:22:48,929 INFO  CricketClubDAL.Db - Found 1 rows.
2026-01-07 17:22:48,930 ERROR CommandHandler - Error processing command matchesBySeason : 2023
System.ArgumentException: Column 'description' does not belong to table Table.
   at System.Data.DataRow.GetDataColumn(String columnName)
   at System.Data.DataRow.get_Item(String columnName)
   at CricketClubDAL.Dao.GetVenueData(Int32 venueId)
   at CricketClubMiddle.Venue..ctor(Int32 VenueID)
   at CricketClubMiddle.Match.get_Venue()
   at MatchV1.FromInternal(Match match) in c:\Users\graha\Documents\GitHub\thevillagecc\TheVillageCC\villagewebsite\App_Code\api\model\MatchV1.cs:line 22
   at System.Linq.Enumerable.WhereSelectEnumerableIterator`2.MoveNext()
   at System.Collections.Generic.List`1..ctor(IEnumerable`1 collection)
   at System.Linq.Enumerable.ToList[TSource](IEnumerable`1 source)
   at CommandHandler.ProcessRequest(HttpContext context) in c:\Users\graha\Documents\GitHub\thevillagecc\TheVillageCC\villagewebsite\MobileWeb\BallByBall\commandHandler.ashx:line 52
2026-01-07 17:22:55,898 INFO  CricketClubDAL.Db - Executing SQL: select * from matches
2026-01-07 17:22:55,901 INFO  CricketClubDAL.Db - Found 458 rows.
2026-01-07 17:23:08,069 INFO  CricketClubDAL.Db - Executing SQL: select * from matches
2026-01-07 17:23:08,075 INFO  CricketClubDAL.Db - Found 458 rows.
2026-01-07 17:23:14,110 INFO  CricketClubDAL.Db - Executing SQL: select * from matches
2026-01-07 17:23:14,115 INFO  CricketClubDAL.Db - Found 458 rows.
2026-01-07 17:23:15,721 INFO  CricketClubDAL.Db - Executing SQL: select * from matches
2026-01-07 17:23:15,726 INFO  CricketClubDAL.Db - Found 458 rows.
2026-01-07 17:23:15,766 INFO  CricketClubDAL.Db - Executing SQL: select * from thevilla_admin.venues where venue_id = 106
2026-01-07 17:23:15,767 INFO  CricketClubDAL.Db - Found 1 rows.
2026-01-07 17:23:15,768 ERROR CommandHandler - Error processing command matchesBySeason : 2023
System.ArgumentException: Column 'description' does not belong to table Table.
   at System.Data.DataRow.GetDataColumn(String columnName)
   at System.Data.DataRow.get_Item(String columnName)
   at CricketClubDAL.Dao.GetVenueData(Int32 venueId)
   at CricketClubMiddle.Venue..ctor(Int32 VenueID)
   at CricketClubMiddle.Match.get_Venue()
   at MatchV1.FromInternal(Match match) in c:\Users\graha\Documents\GitHub\thevillagecc\TheVillageCC\villagewebsite\App_Code\api\model\MatchV1.cs:line 22
   at System.Linq.Enumerable.WhereSelectEnumerableIterator`2.MoveNext()
   at System.Collections.Generic.List`1..ctor(IEnumerable`1 collection)
   at System.Linq.Enumerable.ToList[TSource](IEnumerable`1 source)
   at CommandHandler.ProcessRequest(HttpContext context) in c:\Users\graha\Documents\GitHub\thevillagecc\TheVillageCC\villagewebsite\MobileWeb\BallByBall\commandHandler.ashx:line 52
2026-01-07 17:23:26,977 INFO  CricketClubDAL.Db - Executing SQL: select * from matches
2026-01-07 17:23:26,984 INFO  CricketClubDAL.Db - Found 458 rows.
2026-01-07 17:23:27,010 INFO  CricketClubDAL.Db - Executing SQL: select * from thevilla_admin.venues where venue_id = 121
2026-01-07 17:23:27,011 INFO  CricketClubDAL.Db - Found 1 rows.
2026-01-07 17:23:27,011 ERROR CommandHandler - Error processing command matchesBySeason : 2022
System.ArgumentException: Column 'description' does not belong to table Table.
   at System.Data.DataRow.GetDataColumn(String columnName)
   at System.Data.DataRow.get_Item(String columnName)
   at CricketClubDAL.Dao.GetVenueData(Int32 venueId)
   at CricketClubMiddle.Venue..ctor(Int32 VenueID)
   at CricketClubMiddle.Match.get_Venue()
   at MatchV1.FromInternal(Match match) in c:\Users\graha\Documents\GitHub\thevillagecc\TheVillageCC\villagewebsite\App_Code\api\model\MatchV1.cs:line 22
   at System.Linq.Enumerable.WhereSelectEnumerableIterator`2.MoveNext()
   at System.Collections.Generic.List`1..ctor(IEnumerable`1 collection)
   at System.Linq.Enumerable.ToList[TSource](IEnumerable`1 source)
   at CommandHandler.ProcessRequest(HttpContext context) in c:\Users\graha\Documents\GitHub\thevillagecc\TheVillageCC\villagewebsite\MobileWeb\BallByBall\commandHandler.ashx:line 52
2026-01-07 17:23:31,354 INFO  CricketClubDAL.Db - Executing SQL: select * from thevilla_admin.venues
2026-01-07 17:23:31,355 INFO  CricketClubDAL.Db - Executing SQL: select * from matches
2026-01-07 17:23:31,359 INFO  CricketClubDAL.Db - Found 129 rows.
2026-01-07 17:23:31,360 ERROR CommandHandler - Error processing command listVenues : no payload
System.ArgumentException: Column 'description' does not belong to table Table.
   at System.Data.DataRow.GetDataColumn(String columnName)
   at System.Data.DataRow.get_Item(String columnName)
   at CricketClubDAL.Row.GetString(String columnName)
   at CricketClubDAL.Dao.<>c.<GetAllVenueData>b__24_0(Row r)
   at System.Linq.Enumerable.<>c__DisplayClass7_0`3.<CombineSelectors>b__0(TSource x)
   at System.Linq.Enumerable.WhereSelectEnumerableIterator`2.MoveNext()
   at CricketClubMiddle.Venue.GetAll()
   at CommandHandler.ProcessRequest(HttpContext context) in c:\Users\graha\Documents\GitHub\thevillagecc\TheVillageCC\villagewebsite\MobileWeb\BallByBall\commandHandler.ashx:line 82
2026-01-07 17:23:31,374 INFO  CricketClubDAL.Db - Found 458 rows.
2026-01-07 17:24:46,316 INFO  CricketClubDAL.Db - Executing SQL: select * from thevilla_admin.players
2026-01-07 17:24:46,344 INFO  CricketClubDAL.Db - Found 271 rows.
2026-01-07 17:24:46,355 INFO  CricketClubDAL.Db - Executing SQL: select * from thevilla_admin.batting_scorecards a, thevilla_admin.matches b where a.match_id = b.match_id and player_id = 93
2026-01-07 17:24:46,360 INFO  CricketClubDAL.Db - Found 0 rows.
2026-01-07 17:24:46,361 INFO  CricketClubDAL.Db - Executing SQL: select * from thevilla_admin.batting_scorecards a, thevilla_admin.matches b where a.match_id = b.match_id and player_id = 68
2026-01-07 17:24:46,380 INFO  CricketClubDAL.Db - Found 7 rows.
2026-01-07 17:24:46,381 INFO  CricketClubDAL.Db - Executing SQL: select * from thevilla_admin.batting_scorecards a, thevilla_admin.matches b where a.match_id = b.match_id and player_id = 101
2026-01-07 17:24:46,384 INFO  CricketClubDAL.Db - Found 2 rows.
2026-01-07 17:24:46,385 INFO  CricketClubDAL.Db - Executing SQL: select * from thevilla_admin.batting_scorecards a, thevilla_admin.matches b where a.match_id = b.match_id and player_id = 212
2026-01-07 17:24:46,389 INFO  CricketClubDAL.Db - Found 66 rows.
2026-01-07 17:24:46,390 INFO  CricketClubDAL.Db - Executing SQL: select * from thevilla_admin.batting_scorecards a, thevilla_admin.matches b where a.match_id = b.match_id and player_id = 219
2026-01-07 17:24:46,392 INFO  CricketClubDAL.Db - Found 2 rows.
2026-01-07 17:24:46,393 INFO  CricketClubDAL.Db - Executing SQL: select * from thevilla_admin.batting_scorecards a, thevilla_admin.matches b where a.match_id = b.match_id and player_id = 142
2026-01-07 17:24:46,399 INFO  CricketClubDAL.Db - Found 1 rows.
2026-01-07 17:24:46,399 INFO  CricketClubDAL.Db - Executing SQL: select * from thevilla_admin.batting_scorecards a, thevilla_admin.matches b where a.match_id = b.match_id and player_id = 91
2026-01-07 17:24:46,402 INFO  CricketClubDAL.Db - Found 1 rows.
2026-01-07 17:24:46,402 INFO  CricketClubDAL.Db - Executing SQL: select * from thevilla_admin.batting_scorecards a, thevilla_admin.matches b where a.match_id = b.match_id and player_id = 83
2026-01-07 17:24:46,404 INFO  CricketClubDAL.Db - Found 1 rows.
2026-01-07 17:24:46,405 INFO  CricketClubDAL.Db - Executing SQL: select * from thevilla_admin.batting_scorecards a, thevilla_admin.matches b where a.match_id = b.match_id and player_id = 225
2026-01-07 17:24:46,407 INFO  CricketClubDAL.Db - Found 1 rows.
2026-01-07 17:24:46,408 INFO  CricketClubDAL.Db - Executing SQL: select * from thevilla_admin.batting_scorecards a, thevilla_admin.matches b where a.match_id = b.match_id and player_id = 224
2026-01-07 17:24:46,413 INFO  CricketClubDAL.Db - Found 5 rows.
2026-01-07 17:24:46,414 INFO  CricketClubDAL.Db - Executing SQL: select * from thevilla_admin.batting_scorecards a, thevilla_admin.matches b where a.match_id = b.match_id and player_id = 126
2026-01-07 17:24:46,419 INFO  CricketClubDAL.Db - Found 2 rows.
2026-01-07 17:24:46,420 INFO  CricketClubDAL.Db - Executing SQL: select * from thevilla_admin.batting_scorecards a, thevilla_admin.matches b where a.match_id = b.match_id and player_id = 216
2026-01-07 17:24:46,422 INFO  CricketClubDAL.Db - Found 0 rows.
2026-01-07 17:24:46,423 INFO  CricketClubDAL.Db - Executing SQL: select * from thevilla_admin.batting_scorecards a, thevilla_admin.matches b where a.match_id = b.match_id and player_id = 61
2026-01-07 17:24:46,426 INFO  CricketClubDAL.Db - Found 1 rows.
2026-01-07 17:24:46,426 INFO  CricketClubDAL.Db - Executing SQL: select * from thevilla_admin.batting_scorecards a, thevilla_admin.matches b where a.match_id = b.match_id and player_id = 205
2026-01-07 17:24:46,431 INFO  CricketClubDAL.Db - Found 9 rows.
2026-01-07 17:24:46,432 INFO  CricketClubDAL.Db - Executing SQL: select * from thevilla_admin.batting_scorecards a, thevilla_admin.matches b where a.match_id = b.match_id and player_id = 39
2026-01-07 17:24:46,435 INFO  CricketClubDAL.Db - Found 1 rows.
2026-01-07 17:24:46,436 INFO  CricketClubDAL.Db - Executing SQL: select * from thevilla_admin.batting_scorecards a, thevilla_admin.matches b where a.match_id = b.match_id and player_id = 197
2026-01-07 17:24:46,439 INFO  CricketClubDAL.Db - Found 3 rows.
2026-01-07 17:24:46,439 INFO  CricketClubDAL.Db - Executing SQL: select * from thevilla_admin.batting_scorecards a, thevilla_admin.matches b where a.match_id = b.match_id and player_id = 264
2026-01-07 17:24:46,443 INFO  CricketClubDAL.Db - Found 1 rows.
2026-01-07 17:24:46,444 INFO  CricketClubDAL.Db - Executing SQL: select * from thevilla_admin.batting_scorecards a, thevilla_admin.matches b where a.match_id = b.match_id and player_id = 94
2026-01-07 17:24:46,449 INFO  CricketClubDAL.Db - Found 10 rows.
2026-01-07 17:24:46,450 INFO  CricketClubDAL.Db - Executing SQL: select * from thevilla_admin.batting_scorecards a, thevilla_admin.matches b where a.match_id = b.match_id and player_id = 75
2026-01-07 17:24:46,453 INFO  CricketClubDAL.Db - Found 45 rows.
2026-01-07 17:24:46,454 INFO  CricketClubDAL.Db - Executing SQL: select * from thevilla_admin.batting_scorecards a, thevilla_admin.matches b where a.match_id = b.match_id and player_id = 162
2026-01-07 17:24:46,459 INFO  CricketClubDAL.Db - Found 1 rows.
2026-01-07 17:24:46,460 INFO  CricketClubDAL.Db - Executing SQL: select * from thevilla_admin.batting_scorecards a, thevilla_admin.matches b where a.match_id = b.match_id and player_id = 191
2026-01-07 17:24:46,463 INFO  CricketClubDAL.Db - Found 12 rows.
2026-01-07 17:24:46,464 INFO  CricketClubDAL.Db - Executing SQL: select * from thevilla_admin.batting_scorecards a, thevilla_admin.matches b where a.match_id = b.match_id and player_id = 102
2026-01-07 17:24:46,466 INFO  CricketClubDAL.Db - Found 1 rows.
2026-01-07 17:24:46,467 INFO  CricketClubDAL.Db - Executing SQL: select * from thevilla_admin.batting_scorecards a, thevilla_admin.matches b where a.match_id = b.match_id and player_id = 168
2026-01-07 17:24:46,470 INFO  CricketClubDAL.Db - Found 12 rows.
2026-01-07 17:24:46,470 INFO  CricketClubDAL.Db - Executing SQL: select * from thevilla_admin.batting_scorecards a, thevilla_admin.matches b where a.match_id = b.match_id and player_id = 177
2026-01-07 17:24:46,473 INFO  CricketClubDAL.Db - Found 1 rows.
2026-01-07 17:24:46,474 INFO  CricketClubDAL.Db - Executing SQL: select * from thevilla_admin.batting_scorecards a, thevilla_admin.matches b where a.match_id = b.match_id and player_id = 125
2026-01-07 17:24:46,477 INFO  CricketClubDAL.Db - Found 66 rows.
2026-01-07 17:24:46,479 INFO  CricketClubDAL.Db - Executing SQL: select * from thevilla_admin.batting_scorecards a, thevilla_admin.matches b where a.match_id = b.match_id and player_id = 231
2026-01-07 17:24:46,481 INFO  CricketClubDAL.Db - Found 1 rows.
2026-01-07 17:24:46,482 INFO  CricketClubDAL.Db - Executing SQL: select * from thevilla_admin.batting_scorecards a, thevilla_admin.matches b where a.match_id = b.match_id and player_id = 211
2026-01-07 17:24:46,485 INFO  CricketClubDAL.Db - Found 24 rows.
2026-01-07 17:24:46,486 INFO  CricketClubDAL.Db - Executing SQL: select * from thevilla_admin.batting_scorecards a, thevilla_admin.matches b where a.match_id = b.match_id and player_id = 122
2026-01-07 17:24:46,489 INFO  CricketClubDAL.Db - Found 0 rows.
2026-01-07 17:24:46,490 INFO  CricketClubDAL.Db - Executing SQL: select * from thevilla_admin.batting_scorecards a, thevilla_admin.matches b where a.match_id = b.match_id and player_id = 123
2026-01-07 17:24:46,492 INFO  CricketClubDAL.Db - Found 0 rows.
2026-01-07 17:24:46,493 INFO  CricketClubDAL.Db - Executing SQL: select * from thevilla_admin.batting_scorecards a, thevilla_admin.matches b where a.match_id = b.match_id and player_id = 43
2026-01-07 17:24:46,498 INFO  CricketClubDAL.Db - Found 105 rows.
2026-01-07 17:24:46,499 INFO  CricketClubDAL.Db - Executing SQL: select * from thevilla_admin.batting_scorecards a, thevilla_admin.matches b where a.match_id = b.match_id and player_id = 15
2026-01-07 17:24:46,503 INFO  CricketClubDAL.Db - Found 4 rows.
2026-01-07 17:24:46,503 INFO  CricketClubDAL.Db - Executing SQL: select * from thevilla_admin.batting_scorecards a, thevilla_admin.matches b where a.match_id = b.match_id and player_id = 194
2026-01-07 17:24:46,507 INFO  CricketClubDAL.Db - Found 2 rows.
2026-01-07 17:24:46,507 INFO  CricketClubDAL.Db - Executing SQL: select * from thevilla_admin.batting_scorecards a, thevilla_admin.matches b where a.match_id = b.match_id and player_id = 134
2026-01-07 17:24:46,510 INFO  CricketClubDAL.Db - Found 1 rows.
2026-01-07 17:24:46,511 INFO  CricketClubDAL.Db - Executing SQL: select * from thevilla_admin.batting_scorecards a, thevilla_admin.matches b where a.match_id = b.match_id and player_id = 143
2026-01-07 17:24:46,515 INFO  CricketClubDAL.Db - Found 1 rows.
2026-01-07 17:24:46,515 INFO  CricketClubDAL.Db - Executing SQL: select * from thevilla_admin.batting_scorecards a, thevilla_admin.matches b where a.match_id = b.match_id and player_id = 31
2026-01-07 17:24:46,519 INFO  CricketClubDAL.Db - Found 1 rows.
2026-01-07 17:24:46,519 INFO  CricketClubDAL.Db - Executing SQL: select * from thevilla_admin.batting_scorecards a, thevilla_admin.matches b where a.match_id = b.match_id and player_id = 213
2026-01-07 17:24:46,525 INFO  CricketClubDAL.Db - Found 1 rows.
2026-01-07 17:24:46,525 INFO  CricketClubDAL.Db - Executing SQL: select * from thevilla_admin.batting_scorecards a, thevilla_admin.matches b where a.match_id = b.match_id and player_id = 153
2026-01-07 17:24:46,532 INFO  CricketClubDAL.Db - Found 1 rows.
2026-01-07 17:24:46,533 INFO  CricketClubDAL.Db - Executing SQL: select * from thevilla_admin.batting_scorecards a, thevilla_admin.matches b where a.match_id = b.match_id and player_id = 236
2026-01-07 17:24:46,538 INFO  CricketClubDAL.Db - Found 1 rows.
2026-01-07 17:24:46,539 INFO  CricketClubDAL.Db - Executing SQL: select * from thevilla_admin.batting_scorecards a, thevilla_admin.matches b where a.match_id = b.match_id and player_id = 238
2026-01-07 17:24:46,543 INFO  CricketClubDAL.Db - Found 6 rows.
2026-01-07 17:24:46,544 INFO  CricketClubDAL.Db - Executing SQL: select * from thevilla_admin.batting_scorecards a, thevilla_admin.matches b where a.match_id = b.match_id and player_id = 172
2026-01-07 17:24:46,552 INFO  CricketClubDAL.Db - Found 8 rows.
2026-01-07 17:24:46,553 INFO  CricketClubDAL.Db - Executing SQL: select * from thevilla_admin.batting_scorecards a, thevilla_admin.matches b where a.match_id = b.match_id and player_id = 133
2026-01-07 17:24:46,556 INFO  CricketClubDAL.Db - Found 51 rows.
2026-01-07 17:24:46,557 INFO  CricketClubDAL.Db - Executing SQL: select * from thevilla_admin.batting_scorecards a, thevilla_admin.matches b where a.match_id = b.match_id and player_id = 161
2026-01-07 17:24:46,561 INFO  CricketClubDAL.Db - Found 0 rows.
2026-01-07 17:24:46,562 INFO  CricketClubDAL.Db - Executing SQL: select * from thevilla_admin.batting_scorecards a, thevilla_admin.matches b where a.match_id = b.match_id and player_id = 82
2026-01-07 17:24:46,567 INFO  CricketClubDAL.Db - Found 1 rows.
2026-01-07 17:24:46,568 INFO  CricketClubDAL.Db - Executing SQL: select * from thevilla_admin.batting_scorecards a, thevilla_admin.matches b where a.match_id = b.match_id and player_id = 160
2026-01-07 17:24:46,571 INFO  CricketClubDAL.Db - Found 2 rows.
2026-01-07 17:24:46,571 INFO  CricketClubDAL.Db - Executing SQL: select * from thevilla_admin.batting_scorecards a, thevilla_admin.matches b where a.match_id = b.match_id and player_id = 36
2026-01-07 17:24:46,576 INFO  CricketClubDAL.Db - Found 1 rows.
2026-01-07 17:24:46,577 INFO  CricketClubDAL.Db - Executing SQL: select * from thevilla_admin.batting_scorecards a, thevilla_admin.matches b where a.match_id = b.match_id and player_id = 247
2026-01-07 17:24:46,584 INFO  CricketClubDAL.Db - Found 1 rows.
2026-01-07 17:24:46,584 INFO  CricketClubDAL.Db - Executing SQL: select * from thevilla_admin.batting_scorecards a, thevilla_admin.matches b where a.match_id = b.match_id and player_id = 49
2026-01-07 17:24:46,587 INFO  CricketClubDAL.Db - Found 2 rows.
2026-01-07 17:24:46,588 INFO  CricketClubDAL.Db - Executing SQL: select * from thevilla_admin.batting_scorecards a, thevilla_admin.matches b where a.match_id = b.match_id and player_id = 127
2026-01-07 17:24:46,594 INFO  CricketClubDAL.Db - Found 1 rows.
2026-01-07 17:24:46,595 INFO  CricketClubDAL.Db - Executing SQL: select * from thevilla_admin.batting_scorecards a, thevilla_admin.matches b where a.match_id = b.match_id and player_id = 237
2026-01-07 17:24:46,600 INFO  CricketClubDAL.Db - Found 1 rows.
2026-01-07 17:24:46,600 INFO  CricketClubDAL.Db - Executing SQL: select * from thevilla_admin.batting_scorecards a, thevilla_admin.matches b where a.match_id = b.match_id and player_id = 199
2026-01-07 17:24:46,606 INFO  CricketClubDAL.Db - Found 92 rows.
2026-01-07 17:24:46,608 INFO  CricketClubDAL.Db - Executing SQL: select * from thevilla_admin.batting_scorecards a, thevilla_admin.matches b where a.match_id = b.match_id and player_id = 230
2026-01-07 17:24:46,612 INFO  CricketClubDAL.Db - Found 2 rows.
2026-01-07 17:24:46,612 INFO  CricketClubDAL.Db - Executing SQL: select * from thevilla_admin.batting_scorecards a, thevilla_admin.matches b where a.match_id = b.match_id and player_id = 44
2026-01-07 17:24:46,617 INFO  CricketClubDAL.Db - Found 7 rows.
2026-01-07 17:24:46,617 INFO  CricketClubDAL.Db - Executing SQL: select * from thevilla_admin.batting_scorecards a, thevilla_admin.matches b where a.match_id = b.match_id and player_id = 156
2026-01-07 17:24:46,620 INFO  CricketClubDAL.Db - Found 1 rows.
2026-01-07 17:24:46,620 INFO  CricketClubDAL.Db - Executing SQL: select * from thevilla_admin.batting_scorecards a, thevilla_admin.matches b where a.match_id = b.match_id and player_id = 175
2026-01-07 17:24:46,624 INFO  CricketClubDAL.Db - Found 3 rows.
2026-01-07 17:24:46,625 INFO  CricketClubDAL.Db - Executing SQL: select * from thevilla_admin.batting_scorecards a, thevilla_admin.matches b where a.match_id = b.match_id and player_id = 173
2026-01-07 17:24:46,628 INFO  CricketClubDAL.Db - Found 1 rows.
2026-01-07 17:24:46,629 INFO  CricketClubDAL.Db - Executing SQL: select * from thevilla_admin.batting_scorecards a, thevilla_admin.matches b where a.match_id = b.match_id and player_id = 243
2026-01-07 17:24:46,632 INFO  CricketClubDAL.Db - Found 7 rows.
2026-01-07 17:24:46,633 INFO  CricketClubDAL.Db - Executing SQL: select * from thevilla_admin.batting_scorecards a, thevilla_admin.matches b where a.match_id = b.match_id and player_id = 163
2026-01-07 17:24:46,636 INFO  CricketClubDAL.Db - Found 97 rows.
2026-01-07 17:24:46,638 INFO  CricketClubDAL.Db - Executing SQL: select * from thevilla_admin.batting_scorecards a, thevilla_admin.matches b where a.match_id = b.match_id and player_id = 240
2026-01-07 17:24:46,641 INFO  CricketClubDAL.Db - Found 0 rows.
2026-01-07 17:24:46,642 INFO  CricketClubDAL.Db - Executing SQL: select * from thevilla_admin.batting_scorecards a, thevilla_admin.matches b where a.match_id = b.match_id and player_id = 200
2026-01-07 17:24:46,646 INFO  CricketClubDAL.Db - Found 86 rows.
2026-01-07 17:24:46,647 INFO  CricketClubDAL.Db - Executing SQL: select * from thevilla_admin.batting_scorecards a, thevilla_admin.matches b where a.match_id = b.match_id and player_id = 214
2026-01-07 17:24:46,650 INFO  CricketClubDAL.Db - Found 18 rows.
2026-01-07 17:24:46,651 INFO  CricketClubDAL.Db - Executing SQL: select * from thevilla_admin.batting_scorecards a, thevilla_admin.matches b where a.match_id = b.match_id and player_id = 207
2026-01-07 17:24:46,654 INFO  CricketClubDAL.Db - Found 42 rows.
2026-01-07 17:24:46,655 INFO  CricketClubDAL.Db - Executing SQL: select * from thevilla_admin.batting_scorecards a, thevilla_admin.matches b where a.match_id = b.match_id and player_id = 40
2026-01-07 17:24:46,658 INFO  CricketClubDAL.Db - Found 0 rows.
2026-01-07 17:24:46,660 INFO  CricketClubDAL.Db - Executing SQL: select * from thevilla_admin.batting_scorecards a, thevilla_admin.matches b where a.match_id = b.match_id and player_id = 100
2026-01-07 17:24:46,664 INFO  CricketClubDAL.Db - Found 1 rows.
2026-01-07 17:24:46,665 INFO  CricketClubDAL.Db - Executing SQL: select * from thevilla_admin.batting_scorecards a, thevilla_admin.matches b where a.match_id = b.match_id and player_id = 76
2026-01-07 17:24:46,668 INFO  CricketClubDAL.Db - Found 2 rows.
2026-01-07 17:24:46,669 INFO  CricketClubDAL.Db - Executing SQL: select * from thevilla_admin.batting_scorecards a, thevilla_admin.matches b where a.match_id = b.match_id and player_id = 67
2026-01-07 17:24:46,672 INFO  CricketClubDAL.Db - Found 1 rows.
2026-01-07 17:24:46,673 INFO  CricketClubDAL.Db - Executing SQL: select * from thevilla_admin.batting_scorecards a, thevilla_admin.matches b where a.match_id = b.match_id and player_id = 96
2026-01-07 17:24:46,675 INFO  CricketClubDAL.Db - Found 3 rows.
2026-01-07 17:24:46,676 INFO  CricketClubDAL.Db - Executing SQL: select * from thevilla_admin.batting_scorecards a, thevilla_admin.matches b where a.match_id = b.match_id and player_id = 117
2026-01-07 17:24:46,680 INFO  CricketClubDAL.Db - Found 0 rows.
2026-01-07 17:24:46,680 INFO  CricketClubDAL.Db - Executing SQL: select * from thevilla_admin.batting_scorecards a, thevilla_admin.matches b where a.match_id = b.match_id and player_id = 252
2026-01-07 17:24:46,683 INFO  CricketClubDAL.Db - Found 1 rows.
2026-01-07 17:24:46,683 INFO  CricketClubDAL.Db - Executing SQL: select * from thevilla_admin.batting_scorecards a, thevilla_admin.matches b where a.match_id = b.match_id and player_id = 257
2026-01-07 17:24:46,686 INFO  CricketClubDAL.Db - Found 0 rows.
2026-01-07 17:24:46,686 INFO  CricketClubDAL.Db - Executing SQL: select * from thevilla_admin.batting_scorecards a, thevilla_admin.matches b where a.match_id = b.match_id and player_id = 28
2026-01-07 17:24:46,691 INFO  CricketClubDAL.Db - Found 3 rows.
2026-01-07 17:24:46,691 INFO  CricketClubDAL.Db - Executing SQL: select * from thevilla_admin.batting_scorecards a, thevilla_admin.matches b where a.match_id = b.match_id and player_id = 90
2026-01-07 17:24:46,694 INFO  CricketClubDAL.Db - Found 8 rows.
2026-01-07 17:24:46,695 INFO  CricketClubDAL.Db - Executing SQL: select * from thevilla_admin.batting_scorecards a, thevilla_admin.matches b where a.match_id = b.match_id and player_id = 107
2026-01-07 17:24:46,698 INFO  CricketClubDAL.Db - Found 1 rows.
2026-01-07 17:24:46,698 INFO  CricketClubDAL.Db - Executing SQL: select * from thevilla_admin.batting_scorecards a, thevilla_admin.matches b where a.match_id = b.match_id and player_id = 150
2026-01-07 17:24:46,701 INFO  CricketClubDAL.Db - Found 1 rows.
2026-01-07 17:24:46,703 INFO  CricketClubDAL.Db - Executing SQL: select * from thevilla_admin.batting_scorecards a, thevilla_admin.matches b where a.match_id = b.match_id and player_id = 88
2026-01-07 17:24:46,707 INFO  CricketClubDAL.Db - Found 88 rows.
2026-01-07 17:24:46,708 INFO  CricketClubDAL.Db - Executing SQL: select * from thevilla_admin.batting_scorecards a, thevilla_admin.matches b where a.match_id = b.match_id and player_id = 51
2026-01-07 17:24:46,711 INFO  CricketClubDAL.Db - Found 5 rows.
2026-01-07 17:24:46,711 INFO  CricketClubDAL.Db - Executing SQL: select * from thevilla_admin.batting_scorecards a, thevilla_admin.matches b where a.match_id = b.match_id and player_id = 229
2026-01-07 17:24:46,715 INFO  CricketClubDAL.Db - Found 1 rows.
2026-01-07 17:24:46,716 INFO  CricketClubDAL.Db - Executing SQL: select * from thevilla_admin.batting_scorecards a, thevilla_admin.matches b where a.match_id = b.match_id and player_id = 136
2026-01-07 17:24:46,719 INFO  CricketClubDAL.Db - Found 2 rows.
2026-01-07 17:24:46,719 INFO  CricketClubDAL.Db - Executing SQL: select * from thevilla_admin.batting_scorecards a, thevilla_admin.matches b where a.match_id = b.match_id and player_id = 268
2026-01-07 17:24:46,723 INFO  CricketClubDAL.Db - Found 3 rows.
2026-01-07 17:24:46,723 INFO  CricketClubDAL.Db - Executing SQL: select * from thevilla_admin.batting_scorecards a, thevilla_admin.matches b where a.match_id = b.match_id and player_id = 14
2026-01-07 17:24:46,726 INFO  CricketClubDAL.Db - Found 0 rows.
2026-01-07 17:24:46,727 INFO  CricketClubDAL.Db - Executing SQL: select * from thevilla_admin.batting_scorecards a, thevilla_admin.matches b where a.match_id = b.match_id and player_id = 145
2026-01-07 17:24:46,731 INFO  CricketClubDAL.Db - Found 1 rows.
2026-01-07 17:24:46,732 INFO  CricketClubDAL.Db - Executing SQL: select * from thevilla_admin.batting_scorecards a, thevilla_admin.matches b where a.match_id = b.match_id and player_id = 263
2026-01-07 17:24:46,735 INFO  CricketClubDAL.Db - Found 1 rows.
2026-01-07 17:24:46,736 INFO  CricketClubDAL.Db - Executing SQL: select * from thevilla_admin.batting_scorecards a, thevilla_admin.matches b where a.match_id = b.match_id and player_id = 233
2026-01-07 17:24:46,738 INFO  CricketClubDAL.Db - Found 2 rows.
2026-01-07 17:24:46,739 INFO  CricketClubDAL.Db - Executing SQL: select * from thevilla_admin.batting_scorecards a, thevilla_admin.matches b where a.match_id = b.match_id and player_id = 65
2026-01-07 17:24:46,743 INFO  CricketClubDAL.Db - Found 197 rows.
2026-01-07 17:24:46,746 INFO  CricketClubDAL.Db - Executing SQL: select * from thevilla_admin.batting_scorecards a, thevilla_admin.matches b where a.match_id = b.match_id and player_id = 35
2026-01-07 17:24:46,750 INFO  CricketClubDAL.Db - Found 91 rows.
2026-01-07 17:24:46,752 INFO  CricketClubDAL.Db - Executing SQL: select * from thevilla_admin.batting_scorecards a, thevilla_admin.matches b where a.match_id = b.match_id and player_id = 116
2026-01-07 17:24:46,754 INFO  CricketClubDAL.Db - Found 2 rows.
2026-01-07 17:24:46,755 INFO  CricketClubDAL.Db - Executing SQL: select * from thevilla_admin.batting_scorecards a, thevilla_admin.matches b where a.match_id = b.match_id and player_id = 12
2026-01-07 17:24:46,758 INFO  CricketClubDAL.Db - Found 55 rows.
2026-01-07 17:24:46,758 INFO  CricketClubDAL.Db - Executing SQL: select * from thevilla_admin.batting_scorecards a, thevilla_admin.matches b where a.match_id = b.match_id and player_id = 248
2026-01-07 17:24:46,763 INFO  CricketClubDAL.Db - Found 1 rows.
2026-01-07 17:24:46,763 INFO  CricketClubDAL.Db - Executing SQL: select * from thevilla_admin.batting_scorecards a, thevilla_admin.matches b where a.match_id = b.match_id and player_id = 97
2026-01-07 17:24:46,767 INFO  CricketClubDAL.Db - Found 73 rows.
2026-01-07 17:24:46,769 INFO  CricketClubDAL.Db - Executing SQL: select * from thevilla_admin.batting_scorecards a, thevilla_admin.matches b where a.match_id = b.match_id and player_id = 154
2026-01-07 17:24:46,771 INFO  CricketClubDAL.Db - Found 1 rows.
2026-01-07 17:24:46,771 INFO  CricketClubDAL.Db - Executing SQL: select * from thevilla_admin.batting_scorecards a, thevilla_admin.matches b where a.match_id = b.match_id and player_id = 182
2026-01-07 17:24:46,774 INFO  CricketClubDAL.Db - Found 0 rows.
2026-01-07 17:24:46,774 INFO  CricketClubDAL.Db - Executing SQL: select * from thevilla_admin.batting_scorecards a, thevilla_admin.matches b where a.match_id = b.match_id and player_id = 245
2026-01-07 17:24:46,781 INFO  CricketClubDAL.Db - Found 1 rows.
2026-01-07 17:24:46,781 INFO  CricketClubDAL.Db - Executing SQL: select * from thevilla_admin.batting_scorecards a, thevilla_admin.matches b where a.match_id = b.match_id and player_id = 121
2026-01-07 17:24:46,783 INFO  CricketClubDAL.Db - Found 1 rows.
2026-01-07 17:24:46,784 INFO  CricketClubDAL.Db - Executing SQL: select * from thevilla_admin.batting_scorecards a, thevilla_admin.matches b where a.match_id = b.match_id and player_id = 50
2026-01-07 17:24:46,786 INFO  CricketClubDAL.Db - Found 13 rows.
2026-01-07 17:24:46,787 INFO  CricketClubDAL.Db - Executing SQL: select * from thevilla_admin.batting_scorecards a, thevilla_admin.matches b where a.match_id = b.match_id and player_id = 52
2026-01-07 17:24:46,789 INFO  CricketClubDAL.Db - Found 11 rows.
2026-01-07 17:24:46,790 INFO  CricketClubDAL.Db - Executing SQL: select * from thevilla_admin.batting_scorecards a, thevilla_admin.matches b where a.match_id = b.match_id and player_id = 159
2026-01-07 17:24:46,794 INFO  CricketClubDAL.Db - Found 0 rows.
2026-01-07 17:24:46,794 INFO  CricketClubDAL.Db - Executing SQL: select * from thevilla_admin.batting_scorecards a, thevilla_admin.matches b where a.match_id = b.match_id and player_id = 206
2026-01-07 17:24:46,800 INFO  CricketClubDAL.Db - Found 1 rows.
2026-01-07 17:24:46,801 INFO  CricketClubDAL.Db - Executing SQL: select * from thevilla_admin.batting_scorecards a, thevilla_admin.matches b where a.match_id = b.match_id and player_id = 81
2026-01-07 17:24:46,804 INFO  CricketClubDAL.Db - Found 28 rows.
2026-01-07 17:24:46,805 INFO  CricketClubDAL.Db - Executing SQL: select * from thevilla_admin.batting_scorecards a, thevilla_admin.matches b where a.match_id = b.match_id and player_id = 63
2026-01-07 17:24:46,808 INFO  CricketClubDAL.Db - Found 5 rows.
2026-01-07 17:24:46,809 INFO  CricketClubDAL.Db - Executing SQL: select * from thevilla_admin.batting_scorecards a, thevilla_admin.matches b where a.match_id = b.match_id and player_id = 130
2026-01-07 17:24:46,818 INFO  CricketClubDAL.Db - Found 1 rows.
2026-01-07 17:24:46,819 INFO  CricketClubDAL.Db - Executing SQL: select * from thevilla_admin.batting_scorecards a, thevilla_admin.matches b where a.match_id = b.match_id and player_id = 113
2026-01-07 17:24:46,823 INFO  CricketClubDAL.Db - Found 1 rows.
2026-01-07 17:24:46,824 INFO  CricketClubDAL.Db - Executing SQL: select * from thevilla_admin.batting_scorecards a, thevilla_admin.matches b where a.match_id = b.match_id and player_id = 253
2026-01-07 17:24:46,831 INFO  CricketClubDAL.Db - Found 3 rows.
2026-01-07 17:24:46,831 INFO  CricketClubDAL.Db - Executing SQL: select * from thevilla_admin.batting_scorecards a, thevilla_admin.matches b where a.match_id = b.match_id and player_id = 87
2026-01-07 17:24:46,836 INFO  CricketClubDAL.Db - Found 89 rows.
2026-01-07 17:24:46,837 INFO  CricketClubDAL.Db - Executing SQL: select * from thevilla_admin.batting_scorecards a, thevilla_admin.matches b where a.match_id = b.match_id and player_id = 141
2026-01-07 17:24:46,839 INFO  CricketClubDAL.Db - Found 17 rows.
2026-01-07 17:24:46,840 INFO  CricketClubDAL.Db - Executing SQL: select * from thevilla_admin.batting_scorecards a, thevilla_admin.matches b where a.match_id = b.match_id and player_id = 23
2026-01-07 17:24:46,844 INFO  CricketClubDAL.Db - Found 46 rows.
2026-01-07 17:24:46,845 INFO  CricketClubDAL.Db - Executing SQL: select * from thevilla_admin.batting_scorecards a, thevilla_admin.matches b where a.match_id = b.match_id and player_id = 246
2026-01-07 17:24:46,848 INFO  CricketClubDAL.Db - Found 1 rows.
2026-01-07 17:24:46,848 INFO  CricketClubDAL.Db - Executing SQL: select * from thevilla_admin.batting_scorecards a, thevilla_admin.matches b where a.match_id = b.match_id and player_id = 60
2026-01-07 17:24:46,851 INFO  CricketClubDAL.Db - Found 1 rows.
2026-01-07 17:24:46,851 INFO  CricketClubDAL.Db - Executing SQL: select * from thevilla_admin.batting_scorecards a, thevilla_admin.matches b where a.match_id = b.match_id and player_id = 13
2026-01-07 17:24:46,854 INFO  CricketClubDAL.Db - Found 4 rows.
2026-01-07 17:24:46,855 INFO  CricketClubDAL.Db - Executing SQL: select * from thevilla_admin.batting_scorecards a, thevilla_admin.matches b where a.match_id = b.match_id and player_id = 220
2026-01-07 17:24:46,858 INFO  CricketClubDAL.Db - Found 1 rows.
2026-01-07 17:24:46,860 INFO  CricketClubDAL.Db - Executing SQL: select * from thevilla_admin.batting_scorecards a, thevilla_admin.matches b where a.match_id = b.match_id and player_id = 157
2026-01-07 17:24:46,863 INFO  CricketClubDAL.Db - Found 9 rows.
2026-01-07 17:24:46,864 INFO  CricketClubDAL.Db - Executing SQL: select * from thevilla_admin.batting_scorecards a, thevilla_admin.matches b where a.match_id = b.match_id and player_id = 242
2026-01-07 17:24:46,867 INFO  CricketClubDAL.Db - Found 0 rows.
2026-01-07 17:24:46,867 INFO  CricketClubDAL.Db - Executing SQL: select * from thevilla_admin.batting_scorecards a, thevilla_admin.matches b where a.match_id = b.match_id and player_id = 241
2026-01-07 17:24:46,869 INFO  CricketClubDAL.Db - Found 1 rows.
2026-01-07 17:24:46,870 INFO  CricketClubDAL.Db - Executing SQL: select * from thevilla_admin.batting_scorecards a, thevilla_admin.matches b where a.match_id = b.match_id and player_id = 152
2026-01-07 17:24:46,874 INFO  CricketClubDAL.Db - Found 4 rows.
2026-01-07 17:24:46,875 INFO  CricketClubDAL.Db - Executing SQL: select * from thevilla_admin.batting_scorecards a, thevilla_admin.matches b where a.match_id = b.match_id and player_id = 217
2026-01-07 17:24:46,877 INFO  CricketClubDAL.Db - Found 0 rows.
2026-01-07 17:24:46,877 INFO  CricketClubDAL.Db - Executing SQL: select * from thevilla_admin.batting_scorecards a, thevilla_admin.matches b where a.match_id = b.match_id and player_id = 84
2026-01-07 17:24:46,881 INFO  CricketClubDAL.Db - Found 1 rows.
2026-01-07 17:24:46,881 INFO  CricketClubDAL.Db - Executing SQL: select * from thevilla_admin.batting_scorecards a, thevilla_admin.matches b where a.match_id = b.match_id and player_id = 179
2026-01-07 17:24:46,884 INFO  CricketClubDAL.Db - Found 1 rows.
2026-01-07 17:24:46,884 INFO  CricketClubDAL.Db - Executing SQL: select * from thevilla_admin.batting_scorecards a, thevilla_admin.matches b where a.match_id = b.match_id and player_id = 170
2026-01-07 17:24:46,887 INFO  CricketClubDAL.Db - Found 1 rows.
2026-01-07 17:24:46,887 INFO  CricketClubDAL.Db - Executing SQL: select * from thevilla_admin.batting_scorecards a, thevilla_admin.matches b where a.match_id = b.match_id and player_id = 146
2026-01-07 17:24:46,890 INFO  CricketClubDAL.Db - Found 1 rows.
2026-01-07 17:24:46,892 INFO  CricketClubDAL.Db - Executing SQL: select * from thevilla_admin.batting_scorecards a, thevilla_admin.matches b where a.match_id = b.match_id and player_id = 112
2026-01-07 17:24:46,894 INFO  CricketClubDAL.Db - Found 3 rows.
2026-01-07 17:24:46,894 INFO  CricketClubDAL.Db - Executing SQL: select * from thevilla_admin.batting_scorecards a, thevilla_admin.matches b where a.match_id = b.match_id and player_id = 62
2026-01-07 17:24:46,897 INFO  CricketClubDAL.Db - Found 31 rows.
2026-01-07 17:24:46,897 INFO  CricketClubDAL.Db - Executing SQL: select * from thevilla_admin.batting_scorecards a, thevilla_admin.matches b where a.match_id = b.match_id and player_id = 266
2026-01-07 17:24:46,900 INFO  CricketClubDAL.Db - Found 2 rows.
2026-01-07 17:24:46,901 INFO  CricketClubDAL.Db - Executing SQL: select * from thevilla_admin.batting_scorecards a, thevilla_admin.matches b where a.match_id = b.match_id and player_id = 149
2026-01-07 17:24:46,903 INFO  CricketClubDAL.Db - Found 3 rows.
2026-01-07 17:24:46,903 INFO  CricketClubDAL.Db - Executing SQL: select * from thevilla_admin.batting_scorecards a, thevilla_admin.matches b where a.match_id = b.match_id and player_id = 57
2026-01-07 17:24:46,907 INFO  CricketClubDAL.Db - Found 1 rows.
2026-01-07 17:24:46,907 INFO  CricketClubDAL.Db - Executing SQL: select * from thevilla_admin.batting_scorecards a, thevilla_admin.matches b where a.match_id = b.match_id and player_id = 56
2026-01-07 17:24:46,909 INFO  CricketClubDAL.Db - Found 6 rows.
2026-01-07 17:24:46,909 INFO  CricketClubDAL.Db - Executing SQL: select * from thevilla_admin.batting_scorecards a, thevilla_admin.matches b where a.match_id = b.match_id and player_id = 71
2026-01-07 17:24:46,912 INFO  CricketClubDAL.Db - Found 1 rows.
2026-01-07 17:24:46,912 INFO  CricketClubDAL.Db - Executing SQL: select * from thevilla_admin.batting_scorecards a, thevilla_admin.matches b where a.match_id = b.match_id and player_id = 72
2026-01-07 17:24:46,916 INFO  CricketClubDAL.Db - Found 1 rows.
2026-01-07 17:24:46,916 INFO  CricketClubDAL.Db - Executing SQL: select * from thevilla_admin.batting_scorecards a, thevilla_admin.matches b where a.match_id = b.match_id and player_id = 259
2026-01-07 17:24:46,918 INFO  CricketClubDAL.Db - Found 2 rows.
2026-01-07 17:24:46,919 INFO  CricketClubDAL.Db - Executing SQL: select * from thevilla_admin.batting_scorecards a, thevilla_admin.matches b where a.match_id = b.match_id and player_id = 260
2026-01-07 17:24:46,921 INFO  CricketClubDAL.Db - Found 0 rows.
2026-01-07 17:24:46,921 INFO  CricketClubDAL.Db - Executing SQL: select * from thevilla_admin.batting_scorecards a, thevilla_admin.matches b where a.match_id = b.match_id and player_id = 261
2026-01-07 17:24:46,923 INFO  CricketClubDAL.Db - Found 0 rows.
2026-01-07 17:24:46,923 INFO  CricketClubDAL.Db - Executing SQL: select * from thevilla_admin.batting_scorecards a, thevilla_admin.matches b where a.match_id = b.match_id and player_id = 86
2026-01-07 17:24:46,926 INFO  CricketClubDAL.Db - Found 1 rows.
2026-01-07 17:24:46,926 INFO  CricketClubDAL.Db - Executing SQL: select * from thevilla_admin.batting_scorecards a, thevilla_admin.matches b where a.match_id = b.match_id and player_id = 89
2026-01-07 17:24:46,928 INFO  CricketClubDAL.Db - Found 2 rows.
2026-01-07 17:24:46,929 INFO  CricketClubDAL.Db - Executing SQL: select * from thevilla_admin.batting_scorecards a, thevilla_admin.matches b where a.match_id = b.match_id and player_id = 42
2026-01-07 17:24:46,933 INFO  CricketClubDAL.Db - Found 54 rows.
2026-01-07 17:24:46,933 INFO  CricketClubDAL.Db - Executing SQL: select * from thevilla_admin.batting_scorecards a, thevilla_admin.matches b where a.match_id = b.match_id and player_id = 176
2026-01-07 17:24:46,936 INFO  CricketClubDAL.Db - Found 1 rows.
2026-01-07 17:24:46,936 INFO  CricketClubDAL.Db - Executing SQL: select * from thevilla_admin.batting_scorecards a, thevilla_admin.matches b where a.match_id = b.match_id and player_id = 167
2026-01-07 17:24:46,938 INFO  CricketClubDAL.Db - Found 2 rows.
2026-01-07 17:24:46,939 INFO  CricketClubDAL.Db - Executing SQL: select * from thevilla_admin.batting_scorecards a, thevilla_admin.matches b where a.match_id = b.match_id and player_id = 144
2026-01-07 17:24:46,941 INFO  CricketClubDAL.Db - Found 2 rows.
2026-01-07 17:24:46,941 INFO  CricketClubDAL.Db - Executing SQL: select * from thevilla_admin.batting_scorecards a, thevilla_admin.matches b where a.match_id = b.match_id and player_id = 95
2026-01-07 17:24:46,944 INFO  CricketClubDAL.Db - Found 1 rows.
2026-01-07 17:24:46,944 INFO  CricketClubDAL.Db - Executing SQL: select * from thevilla_admin.batting_scorecards a, thevilla_admin.matches b where a.match_id = b.match_id and player_id = 9
2026-01-07 17:24:46,949 INFO  CricketClubDAL.Db - Found 55 rows.
2026-01-07 17:24:46,949 INFO  CricketClubDAL.Db - Executing SQL: select * from thevilla_admin.batting_scorecards a, thevilla_admin.matches b where a.match_id = b.match_id and player_id = 110
2026-01-07 17:24:46,952 INFO  CricketClubDAL.Db - Found 1 rows.
2026-01-07 17:24:46,952 INFO  CricketClubDAL.Db - Executing SQL: select * from thevilla_admin.batting_scorecards a, thevilla_admin.matches b where a.match_id = b.match_id and player_id = 29
2026-01-07 17:24:46,955 INFO  CricketClubDAL.Db - Found 19 rows.
2026-01-07 17:24:46,955 INFO  CricketClubDAL.Db - Executing SQL: select * from thevilla_admin.batting_scorecards a, thevilla_admin.matches b where a.match_id = b.match_id and player_id = 106
2026-01-07 17:24:46,957 INFO  CricketClubDAL.Db - Found 1 rows.
2026-01-07 17:24:46,958 INFO  CricketClubDAL.Db - Executing SQL: select * from thevilla_admin.batting_scorecards a, thevilla_admin.matches b where a.match_id = b.match_id and player_id = 105
2026-01-07 17:24:46,960 INFO  CricketClubDAL.Db - Found 1 rows.
2026-01-07 17:24:46,961 INFO  CricketClubDAL.Db - Executing SQL: select * from thevilla_admin.batting_scorecards a, thevilla_admin.matches b where a.match_id = b.match_id and player_id = 85
2026-01-07 17:24:46,964 INFO  CricketClubDAL.Db - Found 16 rows.
2026-01-07 17:24:46,965 INFO  CricketClubDAL.Db - Executing SQL: select * from thevilla_admin.batting_scorecards a, thevilla_admin.matches b where a.match_id = b.match_id and player_id = 30
2026-01-07 17:24:46,967 INFO  CricketClubDAL.Db - Found 20 rows.
2026-01-07 17:24:46,969 INFO  CricketClubDAL.Db - Executing SQL: select * from thevilla_admin.batting_scorecards a, thevilla_admin.matches b where a.match_id = b.match_id and player_id = 215
2026-01-07 17:24:46,971 INFO  CricketClubDAL.Db - Found 1 rows.
2026-01-07 17:24:46,971 INFO  CricketClubDAL.Db - Executing SQL: select * from thevilla_admin.batting_scorecards a, thevilla_admin.matches b where a.match_id = b.match_id and player_id = 201
2026-01-07 17:24:46,973 INFO  CricketClubDAL.Db - Found 0 rows.
2026-01-07 17:24:46,973 INFO  CricketClubDAL.Db - Executing SQL: select * from thevilla_admin.batting_scorecards a, thevilla_admin.matches b where a.match_id = b.match_id and player_id = 53
2026-01-07 17:24:46,976 INFO  CricketClubDAL.Db - Found 1 rows.
2026-01-07 17:24:46,976 INFO  CricketClubDAL.Db - Executing SQL: select * from thevilla_admin.batting_scorecards a, thevilla_admin.matches b where a.match_id = b.match_id and player_id = 202
2026-01-07 17:24:46,980 INFO  CricketClubDAL.Db - Found 1 rows.
2026-01-07 17:24:46,980 INFO  CricketClubDAL.Db - Executing SQL: select * from thevilla_admin.batting_scorecards a, thevilla_admin.matches b where a.match_id = b.match_id and player_id = 184
2026-01-07 17:24:46,983 INFO  CricketClubDAL.Db - Found 1 rows.
2026-01-07 17:24:46,984 INFO  CricketClubDAL.Db - Executing SQL: select * from thevilla_admin.batting_scorecards a, thevilla_admin.matches b where a.match_id = b.match_id and player_id = 254
2026-01-07 17:24:46,986 INFO  CricketClubDAL.Db - Found 0 rows.
2026-01-07 17:24:46,986 INFO  CricketClubDAL.Db - Executing SQL: select * from thevilla_admin.batting_scorecards a, thevilla_admin.matches b where a.match_id = b.match_id and player_id = 158
2026-01-07 17:24:46,989 INFO  CricketClubDAL.Db - Found 2 rows.
2026-01-07 17:24:46,990 INFO  CricketClubDAL.Db - Executing SQL: select * from thevilla_admin.batting_scorecards a, thevilla_admin.matches b where a.match_id = b.match_id and player_id = 232
2026-01-07 17:24:46,991 INFO  CricketClubDAL.Db - Found 5 rows.
2026-01-07 17:24:46,992 INFO  CricketClubDAL.Db - Executing SQL: select * from thevilla_admin.batting_scorecards a, thevilla_admin.matches b where a.match_id = b.match_id and player_id = 249
2026-01-07 17:24:46,996 INFO  CricketClubDAL.Db - Found 1 rows.
2026-01-07 17:24:46,996 INFO  CricketClubDAL.Db - Executing SQL: select * from thevilla_admin.batting_scorecards a, thevilla_admin.matches b where a.match_id = b.match_id and player_id = 189
2026-01-07 17:24:46,999 INFO  CricketClubDAL.Db - Found 6 rows.
2026-01-07 17:24:46,999 INFO  CricketClubDAL.Db - Executing SQL: select * from thevilla_admin.batting_scorecards a, thevilla_admin.matches b where a.match_id = b.match_id and player_id = 73
2026-01-07 17:24:47,002 INFO  CricketClubDAL.Db - Found 28 rows.
2026-01-07 17:24:47,003 INFO  CricketClubDAL.Db - Executing SQL: select * from thevilla_admin.batting_scorecards a, thevilla_admin.matches b where a.match_id = b.match_id and player_id = 262
2026-01-07 17:24:47,005 INFO  CricketClubDAL.Db - Found 6 rows.
2026-01-07 17:24:47,006 INFO  CricketClubDAL.Db - Executing SQL: select * from thevilla_admin.batting_scorecards a, thevilla_admin.matches b where a.match_id = b.match_id and player_id = 204
2026-01-07 17:24:47,010 INFO  CricketClubDAL.Db - Found 122 rows.
2026-01-07 17:24:47,012 INFO  CricketClubDAL.Db - Executing SQL: select * from thevilla_admin.batting_scorecards a, thevilla_admin.matches b where a.match_id = b.match_id and player_id = 135
2026-01-07 17:24:47,015 INFO  CricketClubDAL.Db - Found 2 rows.
2026-01-07 17:24:47,015 INFO  CricketClubDAL.Db - Executing SQL: select * from thevilla_admin.batting_scorecards a, thevilla_admin.matches b where a.match_id = b.match_id and player_id = 79
2026-01-07 17:24:47,017 INFO  CricketClubDAL.Db - Found 0 rows.
2026-01-07 17:24:47,018 INFO  CricketClubDAL.Db - Executing SQL: select * from thevilla_admin.batting_scorecards a, thevilla_admin.matches b where a.match_id = b.match_id and player_id = 80
2026-01-07 17:24:47,020 INFO  CricketClubDAL.Db - Found 1 rows.
2026-01-07 17:24:47,021 INFO  CricketClubDAL.Db - Executing SQL: select * from thevilla_admin.batting_scorecards a, thevilla_admin.matches b where a.match_id = b.match_id and player_id = 78
2026-01-07 17:24:47,023 INFO  CricketClubDAL.Db - Found 1 rows.
2026-01-07 17:24:47,024 INFO  CricketClubDAL.Db - Executing SQL: select * from thevilla_admin.batting_scorecards a, thevilla_admin.matches b where a.match_id = b.match_id and player_id = 69
2026-01-07 17:24:47,026 INFO  CricketClubDAL.Db - Found 1 rows.
2026-01-07 17:24:47,027 INFO  CricketClubDAL.Db - Executing SQL: select * from thevilla_admin.batting_scorecards a, thevilla_admin.matches b where a.match_id = b.match_id and player_id = 2
2026-01-07 17:24:47,032 INFO  CricketClubDAL.Db - Found 203 rows.
2026-01-07 17:24:47,033 INFO  CricketClubDAL.Db - Executing SQL: select * from thevilla_admin.batting_scorecards a, thevilla_admin.matches b where a.match_id = b.match_id and player_id = 165
2026-01-07 17:24:47,036 INFO  CricketClubDAL.Db - Found 12 rows.
2026-01-07 17:24:47,036 INFO  CricketClubDAL.Db - Executing SQL: select * from thevilla_admin.batting_scorecards a, thevilla_admin.matches b where a.match_id = b.match_id and player_id = 98
2026-01-07 17:24:47,040 INFO  CricketClubDAL.Db - Found 1 rows.
2026-01-07 17:24:47,040 INFO  CricketClubDAL.Db - Executing SQL: select * from thevilla_admin.batting_scorecards a, thevilla_admin.matches b where a.match_id = b.match_id and player_id = 74
2026-01-07 17:24:47,043 INFO  CricketClubDAL.Db - Found 1 rows.
2026-01-07 17:24:47,043 INFO  CricketClubDAL.Db - Executing SQL: select * from thevilla_admin.batting_scorecards a, thevilla_admin.matches b where a.match_id = b.match_id and player_id = 129
2026-01-07 17:24:47,045 INFO  CricketClubDAL.Db - Found 1 rows.
2026-01-07 17:24:47,046 INFO  CricketClubDAL.Db - Executing SQL: select * from thevilla_admin.batting_scorecards a, thevilla_admin.matches b where a.match_id = b.match_id and player_id = 120
2026-01-07 17:24:47,048 INFO  CricketClubDAL.Db - Found 3 rows.
2026-01-07 17:24:47,049 INFO  CricketClubDAL.Db - Executing SQL: select * from thevilla_admin.batting_scorecards a, thevilla_admin.matches b where a.match_id = b.match_id and player_id = 250
2026-01-07 17:24:47,051 INFO  CricketClubDAL.Db - Found 1 rows.
2026-01-07 17:24:47,051 INFO  CricketClubDAL.Db - Executing SQL: select * from thevilla_admin.batting_scorecards a, thevilla_admin.matches b where a.match_id = b.match_id and player_id = 114
2026-01-07 17:24:47,054 INFO  CricketClubDAL.Db - Found 1 rows.
2026-01-07 17:24:47,054 INFO  CricketClubDAL.Db - Executing SQL: select * from thevilla_admin.batting_scorecards a, thevilla_admin.matches b where a.match_id = b.match_id and player_id = 178
2026-01-07 17:24:47,057 INFO  CricketClubDAL.Db - Found 1 rows.
2026-01-07 17:24:47,058 INFO  CricketClubDAL.Db - Executing SQL: select * from thevilla_admin.batting_scorecards a, thevilla_admin.matches b where a.match_id = b.match_id and player_id = 169
2026-01-07 17:24:47,059 INFO  CricketClubDAL.Db - Found 1 rows.
2026-01-07 17:24:47,060 INFO  CricketClubDAL.Db - Executing SQL: select * from thevilla_admin.batting_scorecards a, thevilla_admin.matches b where a.match_id = b.match_id and player_id = 185
2026-01-07 17:24:47,062 INFO  CricketClubDAL.Db - Found 7 rows.
2026-01-07 17:24:47,064 INFO  CricketClubDAL.Db - Executing SQL: select * from thevilla_admin.batting_scorecards a, thevilla_admin.matches b where a.match_id = b.match_id and player_id = 103
2026-01-07 17:24:47,066 INFO  CricketClubDAL.Db - Found 1 rows.
2026-01-07 17:24:47,067 INFO  CricketClubDAL.Db - Executing SQL: select * from thevilla_admin.batting_scorecards a, thevilla_admin.matches b where a.match_id = b.match_id and player_id = 131
2026-01-07 17:24:47,070 INFO  CricketClubDAL.Db - Found 2 rows.
2026-01-07 17:24:47,070 INFO  CricketClubDAL.Db - Executing SQL: select * from thevilla_admin.batting_scorecards a, thevilla_admin.matches b where a.match_id = b.match_id and player_id = 17
2026-01-07 17:24:47,072 INFO  CricketClubDAL.Db - Found 25 rows.
2026-01-07 17:24:47,073 INFO  CricketClubDAL.Db - Executing SQL: select * from thevilla_admin.batting_scorecards a, thevilla_admin.matches b where a.match_id = b.match_id and player_id = 210
2026-01-07 17:24:47,075 INFO  CricketClubDAL.Db - Found 3 rows.
2026-01-07 17:24:47,075 INFO  CricketClubDAL.Db - Executing SQL: select * from thevilla_admin.batting_scorecards a, thevilla_admin.matches b where a.match_id = b.match_id and player_id = 186
2026-01-07 17:24:47,078 INFO  CricketClubDAL.Db - Found 2 rows.
2026-01-07 17:24:47,078 INFO  CricketClubDAL.Db - Executing SQL: select * from thevilla_admin.batting_scorecards a, thevilla_admin.matches b where a.match_id = b.match_id and player_id = 174
2026-01-07 17:24:47,081 INFO  CricketClubDAL.Db - Found 1 rows.
2026-01-07 17:24:47,081 INFO  CricketClubDAL.Db - Executing SQL: select * from thevilla_admin.batting_scorecards a, thevilla_admin.matches b where a.match_id = b.match_id and player_id = 92
2026-01-07 17:24:47,085 INFO  CricketClubDAL.Db - Found 1 rows.
2026-01-07 17:24:47,085 INFO  CricketClubDAL.Db - Executing SQL: select * from thevilla_admin.batting_scorecards a, thevilla_admin.matches b where a.match_id = b.match_id and player_id = 47
2026-01-07 17:24:47,088 INFO  CricketClubDAL.Db - Found 186 rows.
2026-01-07 17:24:47,090 INFO  CricketClubDAL.Db - Executing SQL: select * from thevilla_admin.batting_scorecards a, thevilla_admin.matches b where a.match_id = b.match_id and player_id = 55
2026-01-07 17:24:47,093 INFO  CricketClubDAL.Db - Found 32 rows.
2026-01-07 17:24:47,093 INFO  CricketClubDAL.Db - Executing SQL: select * from thevilla_admin.batting_scorecards a, thevilla_admin.matches b where a.match_id = b.match_id and player_id = 58
2026-01-07 17:24:47,097 INFO  CricketClubDAL.Db - Found 4 rows.
2026-01-07 17:24:47,098 INFO  CricketClubDAL.Db - Executing SQL: select * from thevilla_admin.batting_scorecards a, thevilla_admin.matches b where a.match_id = b.match_id and player_id = 138
2026-01-07 17:24:47,100 INFO  CricketClubDAL.Db - Found 1 rows.
2026-01-07 17:24:47,101 INFO  CricketClubDAL.Db - Executing SQL: select * from thevilla_admin.batting_scorecards a, thevilla_admin.matches b where a.match_id = b.match_id and player_id = 1
2026-01-07 17:24:47,104 INFO  CricketClubDAL.Db - Found 137 rows.
2026-01-07 17:24:47,105 INFO  CricketClubDAL.Db - Executing SQL: select * from thevilla_admin.batting_scorecards a, thevilla_admin.matches b where a.match_id = b.match_id and player_id = 171
2026-01-07 17:24:47,109 INFO  CricketClubDAL.Db - Found 126 rows.
2026-01-07 17:24:47,110 INFO  CricketClubDAL.Db - Executing SQL: select * from thevilla_admin.batting_scorecards a, thevilla_admin.matches b where a.match_id = b.match_id and player_id = 256
2026-01-07 17:24:47,113 INFO  CricketClubDAL.Db - Found 1 rows.
2026-01-07 17:24:47,114 INFO  CricketClubDAL.Db - Executing SQL: select * from thevilla_admin.batting_scorecards a, thevilla_admin.matches b where a.match_id = b.match_id and player_id = 27
2026-01-07 17:24:47,117 INFO  CricketClubDAL.Db - Found 13 rows.
2026-01-07 17:24:47,118 INFO  CricketClubDAL.Db - Executing SQL: select * from thevilla_admin.batting_scorecards a, thevilla_admin.matches b where a.match_id = b.match_id and player_id = 209
2026-01-07 17:24:47,120 INFO  CricketClubDAL.Db - Found 1 rows.
2026-01-07 17:24:47,120 INFO  CricketClubDAL.Db - Executing SQL: select * from thevilla_admin.batting_scorecards a, thevilla_admin.matches b where a.match_id = b.match_id and player_id = 193
2026-01-07 17:24:47,123 INFO  CricketClubDAL.Db - Found 1 rows.
2026-01-07 17:24:47,124 INFO  CricketClubDAL.Db - Executing SQL: select * from thevilla_admin.batting_scorecards a, thevilla_admin.matches b where a.match_id = b.match_id and player_id = 16
2026-01-07 17:24:47,126 INFO  CricketClubDAL.Db - Found 17 rows.
2026-01-07 17:24:47,126 INFO  CricketClubDAL.Db - Executing SQL: select * from thevilla_admin.batting_scorecards a, thevilla_admin.matches b where a.match_id = b.match_id and player_id = 37
2026-01-07 17:24:47,128 INFO  CricketClubDAL.Db - Found 3 rows.
2026-01-07 17:24:47,129 INFO  CricketClubDAL.Db - Executing SQL: select * from thevilla_admin.batting_scorecards a, thevilla_admin.matches b where a.match_id = b.match_id and player_id = 166
2026-01-07 17:24:47,133 INFO  CricketClubDAL.Db - Found 1 rows.
2026-01-07 17:24:47,133 INFO  CricketClubDAL.Db - Executing SQL: select * from thevilla_admin.batting_scorecards a, thevilla_admin.matches b where a.match_id = b.match_id and player_id = 265
2026-01-07 17:24:47,135 INFO  CricketClubDAL.Db - Found 8 rows.
2026-01-07 17:24:47,136 INFO  CricketClubDAL.Db - Executing SQL: select * from thevilla_admin.batting_scorecards a, thevilla_admin.matches b where a.match_id = b.match_id and player_id = 124
2026-01-07 17:24:47,138 INFO  CricketClubDAL.Db - Found 0 rows.
2026-01-07 17:24:47,138 INFO  CricketClubDAL.Db - Executing SQL: select * from thevilla_admin.batting_scorecards a, thevilla_admin.matches b where a.match_id = b.match_id and player_id = 46
2026-01-07 17:24:47,141 INFO  CricketClubDAL.Db - Found 22 rows.
2026-01-07 17:24:47,142 INFO  CricketClubDAL.Db - Executing SQL: select * from thevilla_admin.batting_scorecards a, thevilla_admin.matches b where a.match_id = b.match_id and player_id = 8
2026-01-07 17:24:47,145 INFO  CricketClubDAL.Db - Found 1 rows.
2026-01-07 17:24:47,145 INFO  CricketClubDAL.Db - Executing SQL: select * from thevilla_admin.batting_scorecards a, thevilla_admin.matches b where a.match_id = b.match_id and player_id = 33
2026-01-07 17:24:47,148 INFO  CricketClubDAL.Db - Found 1 rows.
2026-01-07 17:24:47,149 INFO  CricketClubDAL.Db - Executing SQL: select * from thevilla_admin.batting_scorecards a, thevilla_admin.matches b where a.match_id = b.match_id and player_id = 21
2026-01-07 17:24:47,152 INFO  CricketClubDAL.Db - Found 38 rows.
2026-01-07 17:24:47,153 INFO  CricketClubDAL.Db - Executing SQL: select * from thevilla_admin.batting_scorecards a, thevilla_admin.matches b where a.match_id = b.match_id and player_id = 66
2026-01-07 17:24:47,155 INFO  CricketClubDAL.Db - Found 5 rows.
2026-01-07 17:24:47,155 INFO  CricketClubDAL.Db - Executing SQL: select * from thevilla_admin.batting_scorecards a, thevilla_admin.matches b where a.match_id = b.match_id and player_id = 258
2026-01-07 17:24:47,158 INFO  CricketClubDAL.Db - Found 2 rows.
2026-01-07 17:24:47,159 INFO  CricketClubDAL.Db - Executing SQL: select * from thevilla_admin.batting_scorecards a, thevilla_admin.matches b where a.match_id = b.match_id and player_id = 267
2026-01-07 17:24:47,161 INFO  CricketClubDAL.Db - Found 3 rows.
2026-01-07 17:24:47,162 INFO  CricketClubDAL.Db - Executing SQL: select * from thevilla_admin.batting_scorecards a, thevilla_admin.matches b where a.match_id = b.match_id and player_id = 269
2026-01-07 17:24:47,165 INFO  CricketClubDAL.Db - Found 1 rows.
2026-01-07 17:24:47,166 INFO  CricketClubDAL.Db - Executing SQL: select * from thevilla_admin.batting_scorecards a, thevilla_admin.matches b where a.match_id = b.match_id and player_id = 54
2026-01-07 17:24:47,168 INFO  CricketClubDAL.Db - Found 2 rows.
2026-01-07 17:24:47,168 INFO  CricketClubDAL.Db - Executing SQL: select * from thevilla_admin.batting_scorecards a, thevilla_admin.matches b where a.match_id = b.match_id and player_id = 244
2026-01-07 17:24:47,171 INFO  CricketClubDAL.Db - Found 1 rows.
2026-01-07 17:24:47,172 INFO  CricketClubDAL.Db - Executing SQL: select * from thevilla_admin.batting_scorecards a, thevilla_admin.matches b where a.match_id = b.match_id and player_id = 128
2026-01-07 17:24:47,174 INFO  CricketClubDAL.Db - Found 2 rows.
2026-01-07 17:24:47,174 INFO  CricketClubDAL.Db - Executing SQL: select * from thevilla_admin.batting_scorecards a, thevilla_admin.matches b where a.match_id = b.match_id and player_id = 187
2026-01-07 17:24:47,176 INFO  CricketClubDAL.Db - Found 1 rows.
2026-01-07 17:24:47,177 INFO  CricketClubDAL.Db - Executing SQL: select * from thevilla_admin.batting_scorecards a, thevilla_admin.matches b where a.match_id = b.match_id and player_id = 34
2026-01-07 17:24:47,180 INFO  CricketClubDAL.Db - Found 1 rows.
2026-01-07 17:24:47,181 INFO  CricketClubDAL.Db - Executing SQL: select * from thevilla_admin.batting_scorecards a, thevilla_admin.matches b where a.match_id = b.match_id and player_id = 195
2026-01-07 17:24:47,183 INFO  CricketClubDAL.Db - Found 1 rows.
2026-01-07 17:24:47,184 INFO  CricketClubDAL.Db - Executing SQL: select * from thevilla_admin.batting_scorecards a, thevilla_admin.matches b where a.match_id = b.match_id and player_id = 155
2026-01-07 17:24:47,186 INFO  CricketClubDAL.Db - Found 2 rows.
2026-01-07 17:24:47,187 INFO  CricketClubDAL.Db - Executing SQL: select * from thevilla_admin.batting_scorecards a, thevilla_admin.matches b where a.match_id = b.match_id and player_id = 140
2026-01-07 17:24:47,189 INFO  CricketClubDAL.Db - Found 1 rows.
2026-01-07 17:24:47,190 INFO  CricketClubDAL.Db - Executing SQL: select * from thevilla_admin.batting_scorecards a, thevilla_admin.matches b where a.match_id = b.match_id and player_id = 99
2026-01-07 17:24:47,192 INFO  CricketClubDAL.Db - Found 1 rows.
2026-01-07 17:24:47,192 INFO  CricketClubDAL.Db - Executing SQL: select * from thevilla_admin.batting_scorecards a, thevilla_admin.matches b where a.match_id = b.match_id and player_id = 77
2026-01-07 17:24:47,194 INFO  CricketClubDAL.Db - Found 4 rows.
2026-01-07 17:24:47,195 INFO  CricketClubDAL.Db - Executing SQL: select * from thevilla_admin.batting_scorecards a, thevilla_admin.matches b where a.match_id = b.match_id and player_id = 139
2026-01-07 17:24:47,198 INFO  CricketClubDAL.Db - Found 1 rows.
2026-01-07 17:24:47,199 INFO  CricketClubDAL.Db - Executing SQL: select * from thevilla_admin.batting_scorecards a, thevilla_admin.matches b where a.match_id = b.match_id and player_id = 208
2026-01-07 17:24:47,201 INFO  CricketClubDAL.Db - Found 2 rows.
2026-01-07 17:24:47,201 INFO  CricketClubDAL.Db - Executing SQL: select * from thevilla_admin.batting_scorecards a, thevilla_admin.matches b where a.match_id = b.match_id and player_id = 227
2026-01-07 17:24:47,205 INFO  CricketClubDAL.Db - Found 20 rows.
2026-01-07 17:24:47,205 INFO  CricketClubDAL.Db - Executing SQL: select * from thevilla_admin.batting_scorecards a, thevilla_admin.matches b where a.match_id = b.match_id and player_id = 228
2026-01-07 17:24:47,207 INFO  CricketClubDAL.Db - Found 2 rows.
2026-01-07 17:24:47,208 INFO  CricketClubDAL.Db - Executing SQL: select * from thevilla_admin.batting_scorecards a, thevilla_admin.matches b where a.match_id = b.match_id and player_id = 132
2026-01-07 17:24:47,210 INFO  CricketClubDAL.Db - Found 1 rows.
2026-01-07 17:24:47,211 INFO  CricketClubDAL.Db - Executing SQL: select * from thevilla_admin.batting_scorecards a, thevilla_admin.matches b where a.match_id = b.match_id and player_id = 218
2026-01-07 17:24:47,213 INFO  CricketClubDAL.Db - Found 6 rows.
2026-01-07 17:24:47,215 INFO  CricketClubDAL.Db - Executing SQL: select * from thevilla_admin.batting_scorecards a, thevilla_admin.matches b where a.match_id = b.match_id and player_id = 10
2026-01-07 17:24:47,217 INFO  CricketClubDAL.Db - Found 7 rows.
2026-01-07 17:24:47,218 INFO  CricketClubDAL.Db - Executing SQL: select * from thevilla_admin.batting_scorecards a, thevilla_admin.matches b where a.match_id = b.match_id and player_id = 18
2026-01-07 17:24:47,220 INFO  CricketClubDAL.Db - Found 0 rows.
2026-01-07 17:24:47,220 INFO  CricketClubDAL.Db - Executing SQL: select * from thevilla_admin.batting_scorecards a, thevilla_admin.matches b where a.match_id = b.match_id and player_id = 137
2026-01-07 17:24:47,222 INFO  CricketClubDAL.Db - Found 10 rows.
2026-01-07 17:24:47,223 INFO  CricketClubDAL.Db - Executing SQL: select * from thevilla_admin.batting_scorecards a, thevilla_admin.matches b where a.match_id = b.match_id and player_id = 148
2026-01-07 17:24:47,226 INFO  CricketClubDAL.Db - Found 5 rows.
2026-01-07 17:24:47,226 INFO  CricketClubDAL.Db - Executing SQL: select * from thevilla_admin.batting_scorecards a, thevilla_admin.matches b where a.match_id = b.match_id and player_id = 221
2026-01-07 17:24:47,229 INFO  CricketClubDAL.Db - Found 18 rows.
2026-01-07 17:24:47,230 INFO  CricketClubDAL.Db - Executing SQL: select * from thevilla_admin.batting_scorecards a, thevilla_admin.matches b where a.match_id = b.match_id and player_id = 38
2026-01-07 17:24:47,233 INFO  CricketClubDAL.Db - Found 1 rows.
2026-01-07 17:24:47,233 INFO  CricketClubDAL.Db - Executing SQL: select * from thevilla_admin.batting_scorecards a, thevilla_admin.matches b where a.match_id = b.match_id and player_id = 164
2026-01-07 17:24:47,236 INFO  CricketClubDAL.Db - Found 1 rows.
2026-01-07 17:24:47,237 INFO  CricketClubDAL.Db - Executing SQL: select * from thevilla_admin.batting_scorecards a, thevilla_admin.matches b where a.match_id = b.match_id and player_id = 59
2026-01-07 17:24:47,239 INFO  CricketClubDAL.Db - Found 4 rows.
2026-01-07 17:24:47,239 INFO  CricketClubDAL.Db - Executing SQL: select * from thevilla_admin.batting_scorecards a, thevilla_admin.matches b where a.match_id = b.match_id and player_id = 196
2026-01-07 17:24:47,241 INFO  CricketClubDAL.Db - Found 1 rows.
2026-01-07 17:24:47,242 INFO  CricketClubDAL.Db - Executing SQL: select * from thevilla_admin.batting_scorecards a, thevilla_admin.matches b where a.match_id = b.match_id and player_id = 70
2026-01-07 17:24:47,244 INFO  CricketClubDAL.Db - Found 0 rows.
2026-01-07 17:24:47,244 INFO  CricketClubDAL.Db - Executing SQL: select * from thevilla_admin.batting_scorecards a, thevilla_admin.matches b where a.match_id = b.match_id and player_id = 22
2026-01-07 17:24:47,249 INFO  CricketClubDAL.Db - Found 0 rows.
2026-01-07 17:24:47,250 INFO  CricketClubDAL.Db - Executing SQL: select * from thevilla_admin.batting_scorecards a, thevilla_admin.matches b where a.match_id = b.match_id and player_id = 11
2026-01-07 17:24:47,252 INFO  CricketClubDAL.Db - Found 5 rows.
2026-01-07 17:24:47,252 INFO  CricketClubDAL.Db - Executing SQL: select * from thevilla_admin.batting_scorecards a, thevilla_admin.matches b where a.match_id = b.match_id and player_id = 222
2026-01-07 17:24:47,254 INFO  CricketClubDAL.Db - Found 1 rows.
2026-01-07 17:24:47,254 INFO  CricketClubDAL.Db - Executing SQL: select * from thevilla_admin.batting_scorecards a, thevilla_admin.matches b where a.match_id = b.match_id and player_id = 223
2026-01-07 17:24:47,257 INFO  CricketClubDAL.Db - Found 0 rows.
2026-01-07 17:24:47,258 INFO  CricketClubDAL.Db - Executing SQL: select * from thevilla_admin.batting_scorecards a, thevilla_admin.matches b where a.match_id = b.match_id and player_id = 26
2026-01-07 17:24:47,260 INFO  CricketClubDAL.Db - Found 1 rows.
2026-01-07 17:24:47,260 INFO  CricketClubDAL.Db - Executing SQL: select * from thevilla_admin.batting_scorecards a, thevilla_admin.matches b where a.match_id = b.match_id and player_id = 192
2026-01-07 17:24:47,266 INFO  CricketClubDAL.Db - Found 1 rows.
2026-01-07 17:24:47,267 INFO  CricketClubDAL.Db - Executing SQL: select * from thevilla_admin.batting_scorecards a, thevilla_admin.matches b where a.match_id = b.match_id and player_id = 235
2026-01-07 17:24:47,269 INFO  CricketClubDAL.Db - Found 1 rows.
2026-01-07 17:24:47,269 INFO  CricketClubDAL.Db - Executing SQL: select * from thevilla_admin.batting_scorecards a, thevilla_admin.matches b where a.match_id = b.match_id and player_id = 20
2026-01-07 17:24:47,272 INFO  CricketClubDAL.Db - Found 3 rows.
2026-01-07 17:24:47,273 INFO  CricketClubDAL.Db - Executing SQL: select * from thevilla_admin.batting_scorecards a, thevilla_admin.matches b where a.match_id = b.match_id and player_id = 183
2026-01-07 17:24:47,274 INFO  CricketClubDAL.Db - Found 7 rows.
2026-01-07 17:24:47,275 INFO  CricketClubDAL.Db - Executing SQL: select * from thevilla_admin.batting_scorecards a, thevilla_admin.matches b where a.match_id = b.match_id and player_id = 108
2026-01-07 17:24:47,279 INFO  CricketClubDAL.Db - Found 0 rows.
2026-01-07 17:24:47,281 INFO  CricketClubDAL.Db - Executing SQL: select * from thevilla_admin.batting_scorecards a, thevilla_admin.matches b where a.match_id = b.match_id and player_id = 255
2026-01-07 17:24:47,283 INFO  CricketClubDAL.Db - Found 1 rows.
2026-01-07 17:24:47,283 INFO  CricketClubDAL.Db - Executing SQL: select * from thevilla_admin.batting_scorecards a, thevilla_admin.matches b where a.match_id = b.match_id and player_id = 41
2026-01-07 17:24:47,285 INFO  CricketClubDAL.Db - Found 1 rows.
2026-01-07 17:24:47,286 INFO  CricketClubDAL.Db - Executing SQL: select * from thevilla_admin.batting_scorecards a, thevilla_admin.matches b where a.match_id = b.match_id and player_id = 6
2026-01-07 17:24:47,289 INFO  CricketClubDAL.Db - Found 16 rows.
2026-01-07 17:24:47,289 INFO  CricketClubDAL.Db - Executing SQL: select * from thevilla_admin.batting_scorecards a, thevilla_admin.matches b where a.match_id = b.match_id and player_id = 4
2026-01-07 17:24:47,293 INFO  CricketClubDAL.Db - Found 21 rows.
2026-01-07 17:24:47,294 INFO  CricketClubDAL.Db - Executing SQL: select * from thevilla_admin.batting_scorecards a, thevilla_admin.matches b where a.match_id = b.match_id and player_id = 111
2026-01-07 17:24:47,297 INFO  CricketClubDAL.Db - Found 1 rows.
2026-01-07 17:24:47,298 INFO  CricketClubDAL.Db - Executing SQL: select * from thevilla_admin.batting_scorecards a, thevilla_admin.matches b where a.match_id = b.match_id and player_id = 270
2026-01-07 17:24:47,300 INFO  CricketClubDAL.Db - Found 1 rows.
2026-01-07 17:24:47,301 INFO  CricketClubDAL.Db - Executing SQL: select * from thevilla_admin.batting_scorecards a, thevilla_admin.matches b where a.match_id = b.match_id and player_id = 147
2026-01-07 17:24:47,305 INFO  CricketClubDAL.Db - Found 134 rows.
2026-01-07 17:24:47,306 INFO  CricketClubDAL.Db - Executing SQL: select * from thevilla_admin.batting_scorecards a, thevilla_admin.matches b where a.match_id = b.match_id and player_id = 119
2026-01-07 17:24:47,309 INFO  CricketClubDAL.Db - Found 49 rows.
2026-01-07 17:24:47,310 INFO  CricketClubDAL.Db - Executing SQL: select * from thevilla_admin.batting_scorecards a, thevilla_admin.matches b where a.match_id = b.match_id and player_id = 104
2026-01-07 17:24:47,314 INFO  CricketClubDAL.Db - Found 2 rows.
2026-01-07 17:24:47,314 INFO  CricketClubDAL.Db - Executing SQL: select * from thevilla_admin.batting_scorecards a, thevilla_admin.matches b where a.match_id = b.match_id and player_id = 203
2026-01-07 17:24:47,317 INFO  CricketClubDAL.Db - Found 1 rows.
2026-01-07 17:24:47,317 INFO  CricketClubDAL.Db - Executing SQL: select * from thevilla_admin.batting_scorecards a, thevilla_admin.matches b where a.match_id = b.match_id and player_id = 64
2026-01-07 17:24:47,319 INFO  CricketClubDAL.Db - Found 2 rows.
2026-01-07 17:24:47,320 INFO  CricketClubDAL.Db - Executing SQL: select * from thevilla_admin.batting_scorecards a, thevilla_admin.matches b where a.match_id = b.match_id and player_id = 7
2026-01-07 17:24:47,322 INFO  CricketClubDAL.Db - Found 18 rows.
2026-01-07 17:24:47,322 INFO  CricketClubDAL.Db - Executing SQL: select * from thevilla_admin.batting_scorecards a, thevilla_admin.matches b where a.match_id = b.match_id and player_id = 5
2026-01-07 17:24:47,325 INFO  CricketClubDAL.Db - Found 5 rows.
2026-01-07 17:24:47,326 INFO  CricketClubDAL.Db - Executing SQL: select * from thevilla_admin.batting_scorecards a, thevilla_admin.matches b where a.match_id = b.match_id and player_id = 24
2026-01-07 17:24:47,329 INFO  CricketClubDAL.Db - Found 2 rows.
2026-01-07 17:24:47,330 INFO  CricketClubDAL.Db - Executing SQL: select * from thevilla_admin.batting_scorecards a, thevilla_admin.matches b where a.match_id = b.match_id and player_id = 151
2026-01-07 17:24:47,332 INFO  CricketClubDAL.Db - Found 1 rows.
2026-01-07 17:24:47,333 INFO  CricketClubDAL.Db - Executing SQL: select * from thevilla_admin.batting_scorecards a, thevilla_admin.matches b where a.match_id = b.match_id and player_id = 109
2026-01-07 17:24:47,335 INFO  CricketClubDAL.Db - Found 0 rows.
2026-01-07 17:24:47,335 INFO  CricketClubDAL.Db - Executing SQL: select * from thevilla_admin.batting_scorecards a, thevilla_admin.matches b where a.match_id = b.match_id and player_id = 188
2026-01-07 17:24:47,337 INFO  CricketClubDAL.Db - Found 0 rows.
2026-01-07 17:24:47,339 INFO  CricketClubDAL.Db - Executing SQL: select * from thevilla_admin.batting_scorecards a, thevilla_admin.matches b where a.match_id = b.match_id and player_id = 3
2026-01-07 17:24:47,341 INFO  CricketClubDAL.Db - Found 101 rows.
2026-01-07 17:24:47,342 INFO  CricketClubDAL.Db - Executing SQL: select * from thevilla_admin.batting_scorecards a, thevilla_admin.matches b where a.match_id = b.match_id and player_id = 115
2026-01-07 17:24:47,346 INFO  CricketClubDAL.Db - Found 2 rows.
2026-01-07 17:24:47,347 INFO  CricketClubDAL.Db - Executing SQL: select * from thevilla_admin.batting_scorecards a, thevilla_admin.matches b where a.match_id = b.match_id and player_id = 19
2026-01-07 17:24:47,349 INFO  CricketClubDAL.Db - Found 0 rows.
2026-01-07 17:24:47,349 INFO  CricketClubDAL.Db - Executing SQL: select * from thevilla_admin.batting_scorecards a, thevilla_admin.matches b where a.match_id = b.match_id and player_id = 239
2026-01-07 17:24:47,351 INFO  CricketClubDAL.Db - Found 1 rows.
2026-01-07 17:24:47,351 INFO  CricketClubDAL.Db - Executing SQL: select * from thevilla_admin.batting_scorecards a, thevilla_admin.matches b where a.match_id = b.match_id and player_id = 190
2026-01-07 17:24:47,354 INFO  CricketClubDAL.Db - Found 1 rows.
2026-01-07 17:24:47,354 INFO  CricketClubDAL.Db - Executing SQL: select * from thevilla_admin.batting_scorecards a, thevilla_admin.matches b where a.match_id = b.match_id and player_id = 48
2026-01-07 17:24:47,357 INFO  CricketClubDAL.Db - Found 1 rows.
2026-01-07 17:24:47,357 INFO  CricketClubDAL.Db - Executing SQL: select * from thevilla_admin.batting_scorecards a, thevilla_admin.matches b where a.match_id = b.match_id and player_id = 45
2026-01-07 17:24:47,362 INFO  CricketClubDAL.Db - Found 106 rows.
2026-01-07 17:24:47,363 INFO  CricketClubDAL.Db - Executing SQL: select * from thevilla_admin.batting_scorecards a, thevilla_admin.matches b where a.match_id = b.match_id and player_id = 198
2026-01-07 17:24:47,366 INFO  CricketClubDAL.Db - Found 2 rows.
2026-01-07 17:24:47,366 INFO  CricketClubDAL.Db - Executing SQL: select * from thevilla_admin.batting_scorecards a, thevilla_admin.matches b where a.match_id = b.match_id and player_id = 234
2026-01-07 17:24:47,369 INFO  CricketClubDAL.Db - Found 4 rows.
2026-01-07 17:24:47,369 INFO  CricketClubDAL.Db - Executing SQL: select * from thevilla_admin.batting_scorecards a, thevilla_admin.matches b where a.match_id = b.match_id and player_id = 181
2026-01-07 17:24:47,371 INFO  CricketClubDAL.Db - Found 1 rows.
2026-01-07 17:24:47,373 INFO  CricketClubDAL.Db - Executing SQL: select * from thevilla_admin.batting_scorecards a, thevilla_admin.matches b where a.match_id = b.match_id and player_id = 251
2026-01-07 17:24:47,375 INFO  CricketClubDAL.Db - Found 19 rows.
2026-01-07 17:24:47,376 INFO  CricketClubDAL.Db - Executing SQL: select * from thevilla_admin.batting_scorecards a, thevilla_admin.matches b where a.match_id = b.match_id and player_id = 180
2026-01-07 17:24:47,380 INFO  CricketClubDAL.Db - Found 2 rows.
2026-01-07 17:24:47,381 INFO  CricketClubDAL.Db - Executing SQL: select * from thevilla_admin.batting_scorecards a, thevilla_admin.matches b where a.match_id = b.match_id and player_id = 118
2026-01-07 17:24:47,383 INFO  CricketClubDAL.Db - Found 2 rows.
2026-01-07 17:24:47,384 INFO  CricketClubDAL.Db - Executing SQL: select * from thevilla_admin.batting_scorecards a, thevilla_admin.matches b where a.match_id = b.match_id and player_id = 25
2026-01-07 17:24:47,387 INFO  CricketClubDAL.Db - Found 11 rows.
2026-01-07 17:24:47,387 INFO  CricketClubDAL.Db - Executing SQL: select * from thevilla_admin.batting_scorecards a, thevilla_admin.matches b where a.match_id = b.match_id and player_id = 226
2026-01-07 17:24:47,390 INFO  CricketClubDAL.Db - Found 1 rows.
2026-01-07 17:24:47,392 INFO  CricketClubDAL.Db - Executing SQL: select * from thevilla_admin.bowling_stats a, thevilla_admin.matches b where a.match_id = b.match_id and player_id = 93
2026-01-07 17:24:47,398 INFO  CricketClubDAL.Db - Found 0 rows.
2026-01-07 17:24:47,406 INFO  CricketClubDAL.Db - Executing SQL: select * from thevilla_admin.bowling_stats a, thevilla_admin.matches b where a.match_id = b.match_id and player_id = 83
2026-01-07 17:24:47,409 INFO  CricketClubDAL.Db - Found 0 rows.
2026-01-07 17:24:47,414 INFO  CricketClubDAL.Db - Executing SQL: select * from thevilla_admin.bowling_stats a, thevilla_admin.matches b where a.match_id = b.match_id and player_id = 94
2026-01-07 17:24:47,417 INFO  CricketClubDAL.Db - Found 2 rows.
2026-01-07 17:24:47,419 INFO  CricketClubDAL.Db - Executing SQL: select * from thevilla_admin.bowling_stats a, thevilla_admin.matches b where a.match_id = b.match_id and player_id = 85
2026-01-07 17:24:47,424 INFO  CricketClubDAL.Db - Found 6 rows.
2026-01-07 17:24:47,425 INFO  CricketClubDAL.Db - Executing SQL: select * from thevilla_admin.bowling_stats a, thevilla_admin.matches b where a.match_id = b.match_id and player_id = 30
2026-01-07 17:24:47,429 INFO  CricketClubDAL.Db - Found 20 rows.
2026-01-07 17:24:47,430 INFO  CricketClubDAL.Db - Executing SQL: select * from thevilla_admin.bowling_stats a, thevilla_admin.matches b where a.match_id = b.match_id and player_id = 58
2026-01-07 17:24:47,433 INFO  CricketClubDAL.Db - Found 0 rows.
2026-01-07 17:24:47,434 INFO  CricketClubDAL.Db - Executing SQL: select * from thevilla_admin.bowling_stats a, thevilla_admin.matches b where a.match_id = b.match_id and player_id = 119
2026-01-07 17:24:47,437 INFO  CricketClubDAL.Db - Found 51 rows.
2026-01-07 17:24:47,438 INFO  CricketClubDAL.Db - Executing SQL: select * from thevilla_admin.bowling_stats a, thevilla_admin.matches b where a.match_id = b.match_id and player_id = 104
2026-01-07 17:24:47,441 INFO  CricketClubDAL.Db - Found 2 rows.
2026-01-07 17:24:47,441 INFO  CricketClubDAL.Db - Executing SQL: select * from thevilla_admin.bowling_stats a, thevilla_admin.matches b where a.match_id = b.match_id and player_id = 212
2026-01-07 17:24:47,444 INFO  CricketClubDAL.Db - Found 3 rows.
2026-01-07 17:24:47,445 INFO  CricketClubDAL.Db - Executing SQL: select * from thevilla_admin.bowling_stats a, thevilla_admin.matches b where a.match_id = b.match_id and player_id = 219
2026-01-07 17:24:47,449 INFO  CricketClubDAL.Db - Found 3 rows.
2026-01-07 17:24:47,449 INFO  CricketClubDAL.Db - Executing SQL: select * from thevilla_admin.bowling_stats a, thevilla_admin.matches b where a.match_id = b.match_id and player_id = 142
2026-01-07 17:24:47,451 INFO  CricketClubDAL.Db - Found 0 rows.
2026-01-07 17:24:47,452 INFO  CricketClubDAL.Db - Executing SQL: select * from thevilla_admin.bowling_stats a, thevilla_admin.matches b where a.match_id = b.match_id and player_id = 216
2026-01-07 17:24:47,454 INFO  CricketClubDAL.Db - Found 0 rows.
2026-01-07 17:24:47,455 INFO  CricketClubDAL.Db - Executing SQL: select * from thevilla_admin.bowling_stats a, thevilla_admin.matches b where a.match_id = b.match_id and player_id = 205
2026-01-07 17:24:47,458 INFO  CricketClubDAL.Db - Found 1 rows.
2026-01-07 17:24:47,458 INFO  CricketClubDAL.Db - Executing SQL: select * from thevilla_admin.bowling_stats a, thevilla_admin.matches b where a.match_id = b.match_id and player_id = 197
2026-01-07 17:24:47,460 INFO  CricketClubDAL.Db - Found 2 rows.
2026-01-07 17:24:47,461 INFO  CricketClubDAL.Db - Executing SQL: select * from thevilla_admin.bowling_stats a, thevilla_admin.matches b where a.match_id = b.match_id and player_id = 264
2026-01-07 17:24:47,464 INFO  CricketClubDAL.Db - Found 1 rows.
2026-01-07 17:24:47,465 INFO  CricketClubDAL.Db - Executing SQL: select * from thevilla_admin.bowling_stats a, thevilla_admin.matches b where a.match_id = b.match_id and player_id = 191
2026-01-07 17:24:47,468 INFO  CricketClubDAL.Db - Found 12 rows.
2026-01-07 17:24:47,481 INFO  CricketClubDAL.Db - Executing SQL: select * from thevilla_admin.bowling_stats a, thevilla_admin.matches b where a.match_id = b.match_id and player_id = 168
2026-01-07 17:24:47,484 INFO  CricketClubDAL.Db - Found 5 rows.
2026-01-07 17:24:47,485 INFO  CricketClubDAL.Db - Executing SQL: select * from thevilla_admin.bowling_stats a, thevilla_admin.matches b where a.match_id = b.match_id and player_id = 177
2026-01-07 17:24:47,487 INFO  CricketClubDAL.Db - Found 1 rows.
2026-01-07 17:24:47,487 INFO  CricketClubDAL.Db - Executing SQL: select * from thevilla_admin.bowling_stats a, thevilla_admin.matches b where a.match_id = b.match_id and player_id = 125
2026-01-07 17:24:47,490 INFO  CricketClubDAL.Db - Found 65 rows.
2026-01-07 17:24:47,491 INFO  CricketClubDAL.Db - Executing SQL: select * from thevilla_admin.bowling_stats a, thevilla_admin.matches b where a.match_id = b.match_id and player_id = 231
2026-01-07 17:24:47,494 INFO  CricketClubDAL.Db - Found 1 rows.
2026-01-07 17:24:47,494 INFO  CricketClubDAL.Db - Executing SQL: select * from thevilla_admin.bowling_stats a, thevilla_admin.matches b where a.match_id = b.match_id and player_id = 211
2026-01-07 17:24:47,499 INFO  CricketClubDAL.Db - Found 21 rows.
2026-01-07 17:24:47,500 INFO  CricketClubDAL.Db - Executing SQL: select * from thevilla_admin.bowling_stats a, thevilla_admin.matches b where a.match_id = b.match_id and player_id = 194
2026-01-07 17:24:47,502 INFO  CricketClubDAL.Db - Found 2 rows.
2026-01-07 17:24:47,503 INFO  CricketClubDAL.Db - Executing SQL: select * from thevilla_admin.bowling_stats a, thevilla_admin.matches b where a.match_id = b.match_id and player_id = 213
2026-01-07 17:24:47,505 INFO  CricketClubDAL.Db - Found 1 rows.
2026-01-07 17:24:47,505 INFO  CricketClubDAL.Db - Executing SQL: select * from thevilla_admin.bowling_stats a, thevilla_admin.matches b where a.match_id = b.match_id and player_id = 153
2026-01-07 17:24:47,508 INFO  CricketClubDAL.Db - Found 0 rows.
2026-01-07 17:24:47,508 INFO  CricketClubDAL.Db - Executing SQL: select * from thevilla_admin.bowling_stats a, thevilla_admin.matches b where a.match_id = b.match_id and player_id = 236
2026-01-07 17:24:47,511 INFO  CricketClubDAL.Db - Found 1 rows.
2026-01-07 17:24:47,511 INFO  CricketClubDAL.Db - Executing SQL: select * from thevilla_admin.bowling_stats a, thevilla_admin.matches b where a.match_id = b.match_id and player_id = 238
2026-01-07 17:24:47,514 INFO  CricketClubDAL.Db - Found 0 rows.
2026-01-07 17:24:47,514 INFO  CricketClubDAL.Db - Executing SQL: select * from thevilla_admin.bowling_stats a, thevilla_admin.matches b where a.match_id = b.match_id and player_id = 172
2026-01-07 17:24:47,516 INFO  CricketClubDAL.Db - Found 1 rows.
2026-01-07 17:24:47,517 INFO  CricketClubDAL.Db - Executing SQL: select * from thevilla_admin.bowling_stats a, thevilla_admin.matches b where a.match_id = b.match_id and player_id = 133
2026-01-07 17:24:47,520 INFO  CricketClubDAL.Db - Found 39 rows.
2026-01-07 17:24:47,520 INFO  CricketClubDAL.Db - Executing SQL: select * from thevilla_admin.bowling_stats a, thevilla_admin.matches b where a.match_id = b.match_id and player_id = 160
2026-01-07 17:24:47,524 INFO  CricketClubDAL.Db - Found 2 rows.
2026-01-07 17:24:47,525 INFO  CricketClubDAL.Db - Executing SQL: select * from thevilla_admin.bowling_stats a, thevilla_admin.matches b where a.match_id = b.match_id and player_id = 247
2026-01-07 17:24:47,527 INFO  CricketClubDAL.Db - Found 0 rows.
2026-01-07 17:24:47,527 INFO  CricketClubDAL.Db - Executing SQL: select * from thevilla_admin.bowling_stats a, thevilla_admin.matches b where a.match_id = b.match_id and player_id = 237
2026-01-07 17:24:47,531 INFO  CricketClubDAL.Db - Found 0 rows.
2026-01-07 17:24:47,531 INFO  CricketClubDAL.Db - Executing SQL: select * from thevilla_admin.bowling_stats a, thevilla_admin.matches b where a.match_id = b.match_id and player_id = 199
2026-01-07 17:24:47,535 INFO  CricketClubDAL.Db - Found 62 rows.
2026-01-07 17:24:47,536 INFO  CricketClubDAL.Db - Executing SQL: select * from thevilla_admin.Players where player_id = 147
2026-01-07 17:24:47,539 INFO  CricketClubDAL.Db - Found 1 rows.
2026-01-07 17:24:47,539 INFO  CricketClubDAL.Db - Executing SQL: select * from thevilla_admin.batting_scorecards a, thevilla_admin.matches b where a.match_id = b.match_id and player_id = 147
2026-01-07 17:24:47,542 INFO  CricketClubDAL.Db - Found 134 rows.
2026-01-07 17:24:47,544 INFO  CricketClubDAL.Db - Executing SQL: select * from thevilla_admin.bowling_stats a, thevilla_admin.matches b where a.match_id = b.match_id and player_id = 147
2026-01-07 17:24:47,548 INFO  CricketClubDAL.Db - Found 100 rows.
2026-01-07 17:24:47,549 INFO  CricketClubDAL.Db - Executing SQL: select * from thevilla_admin.Players where player_id = 75
2026-01-07 17:24:47,550 INFO  CricketClubDAL.Db - Found 1 rows.
2026-01-07 17:24:47,550 INFO  CricketClubDAL.Db - Executing SQL: select * from thevilla_admin.batting_scorecards a, thevilla_admin.matches b where a.match_id = b.match_id and player_id = 75
2026-01-07 17:24:47,551 INFO  CricketClubDAL.Db - Found 45 rows.
2026-01-07 17:24:47,553 INFO  CricketClubDAL.Db - Executing SQL: select * from thevilla_admin.bowling_stats a, thevilla_admin.matches b where a.match_id = b.match_id and player_id = 75
2026-01-07 17:24:47,556 INFO  CricketClubDAL.Db - Found 35 rows.
2026-01-07 17:24:47,556 INFO  CricketClubDAL.Db - Executing SQL: select * from thevilla_admin.Players where player_id = 65
2026-01-07 17:24:47,557 INFO  CricketClubDAL.Db - Found 1 rows.
2026-01-07 17:24:47,557 INFO  CricketClubDAL.Db - Executing SQL: select * from thevilla_admin.batting_scorecards a, thevilla_admin.matches b where a.match_id = b.match_id and player_id = 65
2026-01-07 17:24:47,560 INFO  CricketClubDAL.Db - Found 197 rows.
2026-01-07 17:24:47,562 INFO  CricketClubDAL.Db - Executing SQL: select * from thevilla_admin.bowling_stats a, thevilla_admin.matches b where a.match_id = b.match_id and player_id = 65
2026-01-07 17:24:47,566 INFO  CricketClubDAL.Db - Found 190 rows.
2026-01-07 17:24:47,568 INFO  CricketClubDAL.Db - Executing SQL: select * from thevilla_admin.bowling_stats a, thevilla_admin.matches b where a.match_id = b.match_id and player_id = 230
2026-01-07 17:24:47,572 INFO  CricketClubDAL.Db - Found 1 rows.
2026-01-07 17:24:47,573 INFO  CricketClubDAL.Db - Executing SQL: select * from thevilla_admin.bowling_stats a, thevilla_admin.matches b where a.match_id = b.match_id and player_id = 175
2026-01-07 17:24:47,575 INFO  CricketClubDAL.Db - Found 2 rows.
2026-01-07 17:24:47,576 INFO  CricketClubDAL.Db - Executing SQL: select * from thevilla_admin.bowling_stats a, thevilla_admin.matches b where a.match_id = b.match_id and player_id = 173
2026-01-07 17:24:47,580 INFO  CricketClubDAL.Db - Found 0 rows.
2026-01-07 17:24:47,581 INFO  CricketClubDAL.Db - Executing SQL: select * from thevilla_admin.bowling_stats a, thevilla_admin.matches b where a.match_id = b.match_id and player_id = 243
2026-01-07 17:24:47,583 INFO  CricketClubDAL.Db - Found 0 rows.
2026-01-07 17:24:47,583 INFO  CricketClubDAL.Db - Executing SQL: select * from thevilla_admin.bowling_stats a, thevilla_admin.matches b where a.match_id = b.match_id and player_id = 163
2026-01-07 17:24:47,586 INFO  CricketClubDAL.Db - Found 4 rows.
2026-01-07 17:24:47,587 INFO  CricketClubDAL.Db - Executing SQL: select * from thevilla_admin.bowling_stats a, thevilla_admin.matches b where a.match_id = b.match_id and player_id = 240
2026-01-07 17:24:47,590 INFO  CricketClubDAL.Db - Found 1 rows.
2026-01-07 17:24:47,593 INFO  CricketClubDAL.Db - Executing SQL: select * from thevilla_admin.bowling_stats a, thevilla_admin.matches b where a.match_id = b.match_id and player_id = 200
2026-01-07 17:24:47,597 INFO  CricketClubDAL.Db - Found 51 rows.
2026-01-07 17:24:47,598 INFO  CricketClubDAL.Db - Executing SQL: select * from thevilla_admin.bowling_stats a, thevilla_admin.matches b where a.match_id = b.match_id and player_id = 214
2026-01-07 17:24:47,601 INFO  CricketClubDAL.Db - Found 0 rows.
2026-01-07 17:24:47,601 INFO  CricketClubDAL.Db - Executing SQL: select * from thevilla_admin.bowling_stats a, thevilla_admin.matches b where a.match_id = b.match_id and player_id = 207
2026-01-07 17:24:47,605 INFO  CricketClubDAL.Db - Found 7 rows.
2026-01-07 17:24:47,605 INFO  CricketClubDAL.Db - Executing SQL: select * from thevilla_admin.bowling_stats a, thevilla_admin.matches b where a.match_id = b.match_id and player_id = 252
2026-01-07 17:24:47,607 INFO  CricketClubDAL.Db - Found 0 rows.
2026-01-07 17:24:47,608 INFO  CricketClubDAL.Db - Executing SQL: select * from thevilla_admin.bowling_stats a, thevilla_admin.matches b where a.match_id = b.match_id and player_id = 257
2026-01-07 17:24:47,610 INFO  CricketClubDAL.Db - Found 0 rows.
2026-01-07 17:24:47,610 INFO  CricketClubDAL.Db - Executing SQL: select * from thevilla_admin.bowling_stats a, thevilla_admin.matches b where a.match_id = b.match_id and player_id = 90
2026-01-07 17:24:47,614 INFO  CricketClubDAL.Db - Found 8 rows.
2026-01-07 17:24:47,614 INFO  CricketClubDAL.Db - Executing SQL: select * from thevilla_admin.bowling_stats a, thevilla_admin.matches b where a.match_id = b.match_id and player_id = 150
2026-01-07 17:24:47,617 INFO  CricketClubDAL.Db - Found 0 rows.
2026-01-07 17:24:47,618 INFO  CricketClubDAL.Db - Executing SQL: select * from thevilla_admin.bowling_stats a, thevilla_admin.matches b where a.match_id = b.match_id and player_id = 88
2026-01-07 17:24:47,621 INFO  CricketClubDAL.Db - Found 90 rows.
2026-01-07 17:24:47,622 INFO  CricketClubDAL.Db - Executing SQL: select * from thevilla_admin.Players where player_id = 1
2026-01-07 17:24:47,623 INFO  CricketClubDAL.Db - Found 1 rows.
2026-01-07 17:24:47,623 INFO  CricketClubDAL.Db - Executing SQL: select * from thevilla_admin.batting_scorecards a, thevilla_admin.matches b where a.match_id = b.match_id and player_id = 1
2026-01-07 17:24:47,625 INFO  CricketClubDAL.Db - Found 137 rows.
2026-01-07 17:24:47,626 INFO  CricketClubDAL.Db - Executing SQL: select * from thevilla_admin.bowling_stats a, thevilla_admin.matches b where a.match_id = b.match_id and player_id = 1
2026-01-07 17:24:47,630 INFO  CricketClubDAL.Db - Found 13 rows.
2026-01-07 17:24:47,631 INFO  CricketClubDAL.Db - Executing SQL: select * from thevilla_admin.bowling_stats a, thevilla_admin.matches b where a.match_id = b.match_id and player_id = 51
2026-01-07 17:24:47,633 INFO  CricketClubDAL.Db - Found 1 rows.
2026-01-07 17:24:47,634 INFO  CricketClubDAL.Db - Executing SQL: select * from thevilla_admin.bowling_stats a, thevilla_admin.matches b where a.match_id = b.match_id and player_id = 229
2026-01-07 17:24:47,636 INFO  CricketClubDAL.Db - Found 0 rows.
2026-01-07 17:24:47,637 INFO  CricketClubDAL.Db - Executing SQL: select * from thevilla_admin.bowling_stats a, thevilla_admin.matches b where a.match_id = b.match_id and player_id = 136
2026-01-07 17:24:47,639 INFO  CricketClubDAL.Db - Found 2 rows.
2026-01-07 17:24:47,640 INFO  CricketClubDAL.Db - Executing SQL: select * from thevilla_admin.bowling_stats a, thevilla_admin.matches b where a.match_id = b.match_id and player_id = 268
2026-01-07 17:24:47,642 INFO  CricketClubDAL.Db - Found 3 rows.
2026-01-07 17:24:47,643 INFO  CricketClubDAL.Db - Executing SQL: select * from thevilla_admin.bowling_stats a, thevilla_admin.matches b where a.match_id = b.match_id and player_id = 145
2026-01-07 17:24:47,645 INFO  CricketClubDAL.Db - Found 0 rows.
2026-01-07 17:24:47,645 INFO  CricketClubDAL.Db - Executing SQL: select * from thevilla_admin.bowling_stats a, thevilla_admin.matches b where a.match_id = b.match_id and player_id = 263
2026-01-07 17:24:47,648 INFO  CricketClubDAL.Db - Found 0 rows.
2026-01-07 17:24:47,649 INFO  CricketClubDAL.Db - Executing SQL: select * from thevilla_admin.bowling_stats a, thevilla_admin.matches b where a.match_id = b.match_id and player_id = 233
2026-01-07 17:24:47,652 INFO  CricketClubDAL.Db - Found 2 rows.
2026-01-07 17:24:47,652 INFO  CricketClubDAL.Db - Executing SQL: select * from thevilla_admin.bowling_stats a, thevilla_admin.matches b where a.match_id = b.match_id and player_id = 65
2026-01-07 17:24:47,654 INFO  CricketClubDAL.Db - Found 190 rows.
2026-01-07 17:24:47,655 INFO  CricketClubDAL.Db - Executing SQL: select * from thevilla_admin.bowling_stats a, thevilla_admin.matches b where a.match_id = b.match_id and player_id = 12
2026-01-07 17:24:47,659 INFO  CricketClubDAL.Db - Found 1 rows.
2026-01-07 17:24:47,659 INFO  CricketClubDAL.Db - Executing SQL: select * from thevilla_admin.bowling_stats a, thevilla_admin.matches b where a.match_id = b.match_id and player_id = 248
2026-01-07 17:24:47,661 INFO  CricketClubDAL.Db - Found 0 rows.
2026-01-07 17:24:47,662 INFO  CricketClubDAL.Db - Executing SQL: select * from thevilla_admin.bowling_stats a, thevilla_admin.matches b where a.match_id = b.match_id and player_id = 97
2026-01-07 17:24:47,666 INFO  CricketClubDAL.Db - Found 28 rows.
2026-01-07 17:24:47,667 INFO  CricketClubDAL.Db - Executing SQL: select * from thevilla_admin.bowling_stats a, thevilla_admin.matches b where a.match_id = b.match_id and player_id = 182
2026-01-07 17:24:47,669 INFO  CricketClubDAL.Db - Found 0 rows.
2026-01-07 17:24:47,669 INFO  CricketClubDAL.Db - Executing SQL: select * from thevilla_admin.bowling_stats a, thevilla_admin.matches b where a.match_id = b.match_id and player_id = 245
2026-01-07 17:24:47,672 INFO  CricketClubDAL.Db - Found 1 rows.
2026-01-07 17:24:47,672 INFO  CricketClubDAL.Db - Executing SQL: select * from thevilla_admin.bowling_stats a, thevilla_admin.matches b where a.match_id = b.match_id and player_id = 206
2026-01-07 17:24:47,675 INFO  CricketClubDAL.Db - Found 1 rows.
2026-01-07 17:24:47,676 INFO  CricketClubDAL.Db - Executing SQL: select * from thevilla_admin.bowling_stats a, thevilla_admin.matches b where a.match_id = b.match_id and player_id = 81
2026-01-07 17:24:47,679 INFO  CricketClubDAL.Db - Found 3 rows.
2026-01-07 17:24:47,680 INFO  CricketClubDAL.Db - Executing SQL: select * from thevilla_admin.bowling_stats a, thevilla_admin.matches b where a.match_id = b.match_id and player_id = 253
2026-01-07 17:24:47,683 INFO  CricketClubDAL.Db - Found 3 rows.
2026-01-07 17:24:47,683 INFO  CricketClubDAL.Db - Executing SQL: select * from thevilla_admin.bowling_stats a, thevilla_admin.matches b where a.match_id = b.match_id and player_id = 87
2026-01-07 17:24:47,687 INFO  CricketClubDAL.Db - Found 79 rows.
2026-01-07 17:24:47,688 INFO  CricketClubDAL.Db - Executing SQL: select * from thevilla_admin.bowling_stats a, thevilla_admin.matches b where a.match_id = b.match_id and player_id = 141
2026-01-07 17:24:47,691 INFO  CricketClubDAL.Db - Found 2 rows.
2026-01-07 17:24:47,691 INFO  CricketClubDAL.Db - Executing SQL: select * from thevilla_admin.bowling_stats a, thevilla_admin.matches b where a.match_id = b.match_id and player_id = 23
2026-01-07 17:24:47,694 INFO  CricketClubDAL.Db - Found 40 rows.
2026-01-07 17:24:47,695 INFO  CricketClubDAL.Db - Executing SQL: select * from thevilla_admin.bowling_stats a, thevilla_admin.matches b where a.match_id = b.match_id and player_id = 246
2026-01-07 17:24:47,698 INFO  CricketClubDAL.Db - Found 0 rows.
2026-01-07 17:24:47,699 INFO  CricketClubDAL.Db - Executing SQL: select * from thevilla_admin.bowling_stats a, thevilla_admin.matches b where a.match_id = b.match_id and player_id = 220
2026-01-07 17:24:47,701 INFO  CricketClubDAL.Db - Found 1 rows.
2026-01-07 17:24:47,702 INFO  CricketClubDAL.Db - Executing SQL: select * from thevilla_admin.bowling_stats a, thevilla_admin.matches b where a.match_id = b.match_id and player_id = 157
2026-01-07 17:24:47,705 INFO  CricketClubDAL.Db - Found 1 rows.
2026-01-07 17:24:47,706 INFO  CricketClubDAL.Db - Executing SQL: select * from thevilla_admin.bowling_stats a, thevilla_admin.matches b where a.match_id = b.match_id and player_id = 242
2026-01-07 17:24:47,708 INFO  CricketClubDAL.Db - Found 0 rows.
2026-01-07 17:24:47,709 INFO  CricketClubDAL.Db - Executing SQL: select * from thevilla_admin.bowling_stats a, thevilla_admin.matches b where a.match_id = b.match_id and player_id = 241
2026-01-07 17:24:47,712 INFO  CricketClubDAL.Db - Found 0 rows.
2026-01-07 17:24:47,713 INFO  CricketClubDAL.Db - Executing SQL: select * from thevilla_admin.bowling_stats a, thevilla_admin.matches b where a.match_id = b.match_id and player_id = 152
2026-01-07 17:24:47,716 INFO  CricketClubDAL.Db - Found 3 rows.
2026-01-07 17:24:47,716 INFO  CricketClubDAL.Db - Executing SQL: select * from thevilla_admin.bowling_stats a, thevilla_admin.matches b where a.match_id = b.match_id and player_id = 217
2026-01-07 17:24:47,719 INFO  CricketClubDAL.Db - Found 0 rows.
2026-01-07 17:24:47,719 INFO  CricketClubDAL.Db - Executing SQL: select * from thevilla_admin.bowling_stats a, thevilla_admin.matches b where a.match_id = b.match_id and player_id = 179
2026-01-07 17:24:47,723 INFO  CricketClubDAL.Db - Found 1 rows.
2026-01-07 17:24:47,723 INFO  CricketClubDAL.Db - Executing SQL: select * from thevilla_admin.bowling_stats a, thevilla_admin.matches b where a.match_id = b.match_id and player_id = 170
2026-01-07 17:24:47,725 INFO  CricketClubDAL.Db - Found 0 rows.
2026-01-07 17:24:47,726 INFO  CricketClubDAL.Db - Executing SQL: select * from thevilla_admin.bowling_stats a, thevilla_admin.matches b where a.match_id = b.match_id and player_id = 146
2026-01-07 17:24:47,728 INFO  CricketClubDAL.Db - Found 0 rows.
2026-01-07 17:24:47,729 INFO  CricketClubDAL.Db - Executing SQL: select * from thevilla_admin.bowling_stats a, thevilla_admin.matches b where a.match_id = b.match_id and player_id = 266
2026-01-07 17:24:47,732 INFO  CricketClubDAL.Db - Found 1 rows.
2026-01-07 17:24:47,733 INFO  CricketClubDAL.Db - Executing SQL: select * from thevilla_admin.bowling_stats a, thevilla_admin.matches b where a.match_id = b.match_id and player_id = 149
2026-01-07 17:24:47,735 INFO  CricketClubDAL.Db - Found 0 rows.
2026-01-07 17:24:47,735 INFO  CricketClubDAL.Db - Executing SQL: select * from thevilla_admin.bowling_stats a, thevilla_admin.matches b where a.match_id = b.match_id and player_id = 56
2026-01-07 17:24:47,738 INFO  CricketClubDAL.Db - Found 5 rows.
2026-01-07 17:24:47,738 INFO  CricketClubDAL.Db - Executing SQL: select * from thevilla_admin.bowling_stats a, thevilla_admin.matches b where a.match_id = b.match_id and player_id = 259
2026-01-07 17:24:47,740 INFO  CricketClubDAL.Db - Found 1 rows.
2026-01-07 17:24:47,741 INFO  CricketClubDAL.Db - Executing SQL: select * from thevilla_admin.bowling_stats a, thevilla_admin.matches b where a.match_id = b.match_id and player_id = 260
2026-01-07 17:24:47,743 INFO  CricketClubDAL.Db - Found 0 rows.
2026-01-07 17:24:47,744 INFO  CricketClubDAL.Db - Executing SQL: select * from thevilla_admin.bowling_stats a, thevilla_admin.matches b where a.match_id = b.match_id and player_id = 261
2026-01-07 17:24:47,746 INFO  CricketClubDAL.Db - Found 0 rows.
2026-01-07 17:24:47,747 INFO  CricketClubDAL.Db - Executing SQL: select * from thevilla_admin.bowling_stats a, thevilla_admin.matches b where a.match_id = b.match_id and player_id = 176
2026-01-07 17:24:47,750 INFO  CricketClubDAL.Db - Found 0 rows.
2026-01-07 17:24:47,750 INFO  CricketClubDAL.Db - Executing SQL: select * from thevilla_admin.bowling_stats a, thevilla_admin.matches b where a.match_id = b.match_id and player_id = 167
2026-01-07 17:24:47,752 INFO  CricketClubDAL.Db - Found 3 rows.
2026-01-07 17:24:47,753 INFO  CricketClubDAL.Db - Executing SQL: select * from thevilla_admin.bowling_stats a, thevilla_admin.matches b where a.match_id = b.match_id and player_id = 9
2026-01-07 17:24:47,756 INFO  CricketClubDAL.Db - Found 10 rows.
2026-01-07 17:24:47,756 INFO  CricketClubDAL.Db - Executing SQL: select * from thevilla_admin.bowling_stats a, thevilla_admin.matches b where a.match_id = b.match_id and player_id = 29
2026-01-07 17:24:47,760 INFO  CricketClubDAL.Db - Found 18 rows.
2026-01-07 17:24:47,760 INFO  CricketClubDAL.Db - Executing SQL: select * from thevilla_admin.bowling_stats a, thevilla_admin.matches b where a.match_id = b.match_id and player_id = 215
2026-01-07 17:24:47,763 INFO  CricketClubDAL.Db - Found 0 rows.
2026-01-07 17:24:47,763 INFO  CricketClubDAL.Db - Executing SQL: select * from thevilla_admin.bowling_stats a, thevilla_admin.matches b where a.match_id = b.match_id and player_id = 201
2026-01-07 17:24:47,766 INFO  CricketClubDAL.Db - Found 0 rows.
2026-01-07 17:24:47,766 INFO  CricketClubDAL.Db - Executing SQL: select * from thevilla_admin.bowling_stats a, thevilla_admin.matches b where a.match_id = b.match_id and player_id = 202
2026-01-07 17:24:47,768 INFO  CricketClubDAL.Db - Found 0 rows.
2026-01-07 17:24:47,768 INFO  CricketClubDAL.Db - Executing SQL: select * from thevilla_admin.bowling_stats a, thevilla_admin.matches b where a.match_id = b.match_id and player_id = 184
2026-01-07 17:24:47,771 INFO  CricketClubDAL.Db - Found 1 rows.
2026-01-07 17:24:47,772 INFO  CricketClubDAL.Db - Executing SQL: select * from thevilla_admin.bowling_stats a, thevilla_admin.matches b where a.match_id = b.match_id and player_id = 254
2026-01-07 17:24:47,775 INFO  CricketClubDAL.Db - Found 0 rows.
2026-01-07 17:24:47,776 INFO  CricketClubDAL.Db - Executing SQL: select * from thevilla_admin.bowling_stats a, thevilla_admin.matches b where a.match_id = b.match_id and player_id = 158
2026-01-07 17:24:47,778 INFO  CricketClubDAL.Db - Found 1 rows.
2026-01-07 17:24:47,778 INFO  CricketClubDAL.Db - Executing SQL: select * from thevilla_admin.bowling_stats a, thevilla_admin.matches b where a.match_id = b.match_id and player_id = 232
2026-01-07 17:24:47,781 INFO  CricketClubDAL.Db - Found 0 rows.
2026-01-07 17:24:47,782 INFO  CricketClubDAL.Db - Executing SQL: select * from thevilla_admin.bowling_stats a, thevilla_admin.matches b where a.match_id = b.match_id and player_id = 249
2026-01-07 17:24:47,784 INFO  CricketClubDAL.Db - Found 1 rows.
2026-01-07 17:24:47,784 INFO  CricketClubDAL.Db - Executing SQL: select * from thevilla_admin.bowling_stats a, thevilla_admin.matches b where a.match_id = b.match_id and player_id = 189
2026-01-07 17:24:47,787 INFO  CricketClubDAL.Db - Found 1 rows.
2026-01-07 17:24:47,787 INFO  CricketClubDAL.Db - Executing SQL: select * from thevilla_admin.bowling_stats a, thevilla_admin.matches b where a.match_id = b.match_id and player_id = 73
2026-01-07 17:24:47,792 INFO  CricketClubDAL.Db - Found 1 rows.
2026-01-07 17:24:47,792 INFO  CricketClubDAL.Db - Executing SQL: select * from thevilla_admin.bowling_stats a, thevilla_admin.matches b where a.match_id = b.match_id and player_id = 262
2026-01-07 17:24:47,794 INFO  CricketClubDAL.Db - Found 2 rows.
2026-01-07 17:24:47,795 INFO  CricketClubDAL.Db - Executing SQL: select * from thevilla_admin.bowling_stats a, thevilla_admin.matches b where a.match_id = b.match_id and player_id = 204
2026-01-07 17:24:47,801 INFO  CricketClubDAL.Db - Found 50 rows.
2026-01-07 17:24:47,802 INFO  CricketClubDAL.Db - Executing SQL: select * from thevilla_admin.bowling_stats a, thevilla_admin.matches b where a.match_id = b.match_id and player_id = 135
2026-01-07 17:24:47,804 INFO  CricketClubDAL.Db - Found 0 rows.
2026-01-07 17:24:47,804 INFO  CricketClubDAL.Db - Executing SQL: select * from thevilla_admin.bowling_stats a, thevilla_admin.matches b where a.match_id = b.match_id and player_id = 2
2026-01-07 17:24:47,809 INFO  CricketClubDAL.Db - Found 11 rows.
2026-01-07 17:24:47,809 INFO  CricketClubDAL.Db - Executing SQL: select * from thevilla_admin.bowling_stats a, thevilla_admin.matches b where a.match_id = b.match_id and player_id = 165
2026-01-07 17:24:47,814 INFO  CricketClubDAL.Db - Found 9 rows.
2026-01-07 17:24:47,815 INFO  CricketClubDAL.Db - Executing SQL: select * from thevilla_admin.bowling_stats a, thevilla_admin.matches b where a.match_id = b.match_id and player_id = 120
2026-01-07 17:24:47,817 INFO  CricketClubDAL.Db - Found 3 rows.
2026-01-07 17:24:47,819 INFO  CricketClubDAL.Db - Executing SQL: select * from thevilla_admin.bowling_stats a, thevilla_admin.matches b where a.match_id = b.match_id and player_id = 250
2026-01-07 17:24:47,821 INFO  CricketClubDAL.Db - Found 0 rows.
2026-01-07 17:24:47,822 INFO  CricketClubDAL.Db - Executing SQL: select * from thevilla_admin.bowling_stats a, thevilla_admin.matches b where a.match_id = b.match_id and player_id = 178
2026-01-07 17:24:47,824 INFO  CricketClubDAL.Db - Found 1 rows.
2026-01-07 17:24:47,825 INFO  CricketClubDAL.Db - Executing SQL: select * from thevilla_admin.bowling_stats a, thevilla_admin.matches b where a.match_id = b.match_id and player_id = 169
2026-01-07 17:24:47,827 INFO  CricketClubDAL.Db - Found 1 rows.
2026-01-07 17:24:47,828 INFO  CricketClubDAL.Db - Executing SQL: select * from thevilla_admin.bowling_stats a, thevilla_admin.matches b where a.match_id = b.match_id and player_id = 185
2026-01-07 17:24:47,831 INFO  CricketClubDAL.Db - Found 0 rows.
2026-01-07 17:24:47,832 INFO  CricketClubDAL.Db - Executing SQL: select * from thevilla_admin.bowling_stats a, thevilla_admin.matches b where a.match_id = b.match_id and player_id = 17
2026-01-07 17:24:47,835 INFO  CricketClubDAL.Db - Found 9 rows.
2026-01-07 17:24:47,836 INFO  CricketClubDAL.Db - Executing SQL: select * from thevilla_admin.bowling_stats a, thevilla_admin.matches b where a.match_id = b.match_id and player_id = 210
2026-01-07 17:24:47,838 INFO  CricketClubDAL.Db - Found 1 rows.
2026-01-07 17:24:47,839 INFO  CricketClubDAL.Db - Executing SQL: select * from thevilla_admin.bowling_stats a, thevilla_admin.matches b where a.match_id = b.match_id and player_id = 186
2026-01-07 17:24:47,841 INFO  CricketClubDAL.Db - Found 0 rows.
2026-01-07 17:24:47,841 INFO  CricketClubDAL.Db - Executing SQL: select * from thevilla_admin.bowling_stats a, thevilla_admin.matches b where a.match_id = b.match_id and player_id = 174
2026-01-07 17:24:47,844 INFO  CricketClubDAL.Db - Found 0 rows.
2026-01-07 17:24:47,844 INFO  CricketClubDAL.Db - Executing SQL: select * from thevilla_admin.bowling_stats a, thevilla_admin.matches b where a.match_id = b.match_id and player_id = 47
2026-01-07 17:24:47,849 INFO  CricketClubDAL.Db - Found 148 rows.
2026-01-07 17:24:47,851 INFO  CricketClubDAL.Db - Executing SQL: select * from thevilla_admin.bowling_stats a, thevilla_admin.matches b where a.match_id = b.match_id and player_id = 1
2026-01-07 17:24:47,853 INFO  CricketClubDAL.Db - Found 13 rows.
2026-01-07 17:24:47,854 INFO  CricketClubDAL.Db - Executing SQL: select * from thevilla_admin.bowling_stats a, thevilla_admin.matches b where a.match_id = b.match_id and player_id = 171
2026-01-07 17:24:47,859 INFO  CricketClubDAL.Db - Found 106 rows.
2026-01-07 17:24:47,861 INFO  CricketClubDAL.Db - Executing SQL: select * from thevilla_admin.bowling_stats a, thevilla_admin.matches b where a.match_id = b.match_id and player_id = 256
2026-01-07 17:24:47,866 INFO  CricketClubDAL.Db - Found 0 rows.
2026-01-07 17:24:47,868 INFO  CricketClubDAL.Db - Executing SQL: select * from thevilla_admin.bowling_stats a, thevilla_admin.matches b where a.match_id = b.match_id and player_id = 209
2026-01-07 17:24:47,873 INFO  CricketClubDAL.Db - Found 0 rows.
2026-01-07 17:24:47,873 INFO  CricketClubDAL.Db - Executing SQL: select * from thevilla_admin.bowling_stats a, thevilla_admin.matches b where a.match_id = b.match_id and player_id = 193
2026-01-07 17:24:47,876 INFO  CricketClubDAL.Db - Found 1 rows.
2026-01-07 17:24:47,877 INFO  CricketClubDAL.Db - Executing SQL: select * from thevilla_admin.bowling_stats a, thevilla_admin.matches b where a.match_id = b.match_id and player_id = 16
2026-01-07 17:24:47,882 INFO  CricketClubDAL.Db - Found 3 rows.
2026-01-07 17:24:47,882 INFO  CricketClubDAL.Db - Executing SQL: select * from thevilla_admin.bowling_stats a, thevilla_admin.matches b where a.match_id = b.match_id and player_id = 166
2026-01-07 17:24:47,885 INFO  CricketClubDAL.Db - Found 1 rows.
2026-01-07 17:24:47,885 INFO  CricketClubDAL.Db - Executing SQL: select * from thevilla_admin.bowling_stats a, thevilla_admin.matches b where a.match_id = b.match_id and player_id = 265
2026-01-07 17:24:47,888 INFO  CricketClubDAL.Db - Found 6 rows.
2026-01-07 17:24:47,888 INFO  CricketClubDAL.Db - Executing SQL: select * from thevilla_admin.bowling_stats a, thevilla_admin.matches b where a.match_id = b.match_id and player_id = 21
2026-01-07 17:24:47,891 INFO  CricketClubDAL.Db - Found 37 rows.
2026-01-07 17:24:47,892 INFO  CricketClubDAL.Db - Executing SQL: select * from thevilla_admin.bowling_stats a, thevilla_admin.matches b where a.match_id = b.match_id and player_id = 258
2026-01-07 17:24:47,895 INFO  CricketClubDAL.Db - Found 2 rows.
2026-01-07 17:24:47,895 INFO  CricketClubDAL.Db - Executing SQL: select * from thevilla_admin.bowling_stats a, thevilla_admin.matches b where a.match_id = b.match_id and player_id = 267
2026-01-07 17:24:47,899 INFO  CricketClubDAL.Db - Found 0 rows.
2026-01-07 17:24:47,899 INFO  CricketClubDAL.Db - Executing SQL: select * from thevilla_admin.bowling_stats a, thevilla_admin.matches b where a.match_id = b.match_id and player_id = 269
2026-01-07 17:24:47,902 INFO  CricketClubDAL.Db - Found 2 rows.
2026-01-07 17:24:47,902 INFO  CricketClubDAL.Db - Executing SQL: select * from thevilla_admin.bowling_stats a, thevilla_admin.matches b where a.match_id = b.match_id and player_id = 244
2026-01-07 17:24:47,904 INFO  CricketClubDAL.Db - Found 0 rows.
2026-01-07 17:24:47,904 INFO  CricketClubDAL.Db - Executing SQL: select * from thevilla_admin.bowling_stats a, thevilla_admin.matches b where a.match_id = b.match_id and player_id = 128
2026-01-07 17:24:47,906 INFO  CricketClubDAL.Db - Found 2 rows.
2026-01-07 17:24:47,908 INFO  CricketClubDAL.Db - Executing SQL: select * from thevilla_admin.bowling_stats a, thevilla_admin.matches b where a.match_id = b.match_id and player_id = 187
2026-01-07 17:24:47,910 INFO  CricketClubDAL.Db - Found 0 rows.
2026-01-07 17:24:47,910 INFO  CricketClubDAL.Db - Executing SQL: select * from thevilla_admin.bowling_stats a, thevilla_admin.matches b where a.match_id = b.match_id and player_id = 195
2026-01-07 17:24:47,913 INFO  CricketClubDAL.Db - Found 0 rows.
2026-01-07 17:24:47,914 INFO  CricketClubDAL.Db - Executing SQL: select * from thevilla_admin.bowling_stats a, thevilla_admin.matches b where a.match_id = b.match_id and player_id = 155
2026-01-07 17:24:47,916 INFO  CricketClubDAL.Db - Found 1 rows.
2026-01-07 17:24:47,917 INFO  CricketClubDAL.Db - Executing SQL: select * from thevilla_admin.bowling_stats a, thevilla_admin.matches b where a.match_id = b.match_id and player_id = 140
2026-01-07 17:24:47,919 INFO  CricketClubDAL.Db - Found 1 rows.
2026-01-07 17:24:47,920 INFO  CricketClubDAL.Db - Executing SQL: select * from thevilla_admin.bowling_stats a, thevilla_admin.matches b where a.match_id = b.match_id and player_id = 77
2026-01-07 17:24:47,923 INFO  CricketClubDAL.Db - Found 3 rows.
2026-01-07 17:24:47,923 INFO  CricketClubDAL.Db - Executing SQL: select * from thevilla_admin.bowling_stats a, thevilla_admin.matches b where a.match_id = b.match_id and player_id = 208
2026-01-07 17:24:47,926 INFO  CricketClubDAL.Db - Found 0 rows.
2026-01-07 17:24:47,926 INFO  CricketClubDAL.Db - Executing SQL: select * from thevilla_admin.bowling_stats a, thevilla_admin.matches b where a.match_id = b.match_id and player_id = 227
2026-01-07 17:24:47,931 INFO  CricketClubDAL.Db - Found 20 rows.
2026-01-07 17:24:47,932 INFO  CricketClubDAL.Db - Executing SQL: select * from thevilla_admin.bowling_stats a, thevilla_admin.matches b where a.match_id = b.match_id and player_id = 228
2026-01-07 17:24:47,934 INFO  CricketClubDAL.Db - Found 2 rows.
2026-01-07 17:24:47,934 INFO  CricketClubDAL.Db - Executing SQL: select * from thevilla_admin.bowling_stats a, thevilla_admin.matches b where a.match_id = b.match_id and player_id = 218
2026-01-07 17:24:47,936 INFO  CricketClubDAL.Db - Found 1 rows.
2026-01-07 17:24:47,936 INFO  CricketClubDAL.Db - Executing SQL: select * from thevilla_admin.bowling_stats a, thevilla_admin.matches b where a.match_id = b.match_id and player_id = 137
2026-01-07 17:24:47,940 INFO  CricketClubDAL.Db - Found 4 rows.
2026-01-07 17:24:47,940 INFO  CricketClubDAL.Db - Executing SQL: select * from thevilla_admin.bowling_stats a, thevilla_admin.matches b where a.match_id = b.match_id and player_id = 148
2026-01-07 17:24:47,943 INFO  CricketClubDAL.Db - Found 2 rows.
2026-01-07 17:24:47,943 INFO  CricketClubDAL.Db - Executing SQL: select * from thevilla_admin.bowling_stats a, thevilla_admin.matches b where a.match_id = b.match_id and player_id = 221
2026-01-07 17:24:47,947 INFO  CricketClubDAL.Db - Found 8 rows.
2026-01-07 17:24:47,947 INFO  CricketClubDAL.Db - Executing SQL: select * from thevilla_admin.bowling_stats a, thevilla_admin.matches b where a.match_id = b.match_id and player_id = 38
2026-01-07 17:24:47,950 INFO  CricketClubDAL.Db - Found 0 rows.
2026-01-07 17:24:47,950 INFO  CricketClubDAL.Db - Executing SQL: select * from thevilla_admin.bowling_stats a, thevilla_admin.matches b where a.match_id = b.match_id and player_id = 164
2026-01-07 17:24:47,952 INFO  CricketClubDAL.Db - Found 0 rows.
2026-01-07 17:24:47,952 INFO  CricketClubDAL.Db - Executing SQL: select * from thevilla_admin.bowling_stats a, thevilla_admin.matches b where a.match_id = b.match_id and player_id = 196
2026-01-07 17:24:47,955 INFO  CricketClubDAL.Db - Found 1 rows.
2026-01-07 17:24:47,955 INFO  CricketClubDAL.Db - Executing SQL: select * from thevilla_admin.bowling_stats a, thevilla_admin.matches b where a.match_id = b.match_id and player_id = 11
2026-01-07 17:24:47,958 INFO  CricketClubDAL.Db - Found 0 rows.
2026-01-07 17:24:47,959 INFO  CricketClubDAL.Db - Executing SQL: select * from thevilla_admin.bowling_stats a, thevilla_admin.matches b where a.match_id = b.match_id and player_id = 222
2026-01-07 17:24:47,961 INFO  CricketClubDAL.Db - Found 0 rows.
2026-01-07 17:24:47,961 INFO  CricketClubDAL.Db - Executing SQL: select * from thevilla_admin.bowling_stats a, thevilla_admin.matches b where a.match_id = b.match_id and player_id = 223
2026-01-07 17:24:47,965 INFO  CricketClubDAL.Db - Found 0 rows.
2026-01-07 17:24:47,965 INFO  CricketClubDAL.Db - Executing SQL: select * from thevilla_admin.bowling_stats a, thevilla_admin.matches b where a.match_id = b.match_id and player_id = 192
2026-01-07 17:24:47,967 INFO  CricketClubDAL.Db - Found 1 rows.
2026-01-07 17:24:47,967 INFO  CricketClubDAL.Db - Executing SQL: select * from thevilla_admin.bowling_stats a, thevilla_admin.matches b where a.match_id = b.match_id and player_id = 235
2026-01-07 17:24:47,970 INFO  CricketClubDAL.Db - Found 0 rows.
2026-01-07 17:24:47,970 INFO  CricketClubDAL.Db - Executing SQL: select * from thevilla_admin.bowling_stats a, thevilla_admin.matches b where a.match_id = b.match_id and player_id = 255
2026-01-07 17:24:47,973 INFO  CricketClubDAL.Db - Found 0 rows.
2026-01-07 17:24:47,973 INFO  CricketClubDAL.Db - Executing SQL: select * from thevilla_admin.bowling_stats a, thevilla_admin.matches b where a.match_id = b.match_id and player_id = 4
2026-01-07 17:24:47,976 INFO  CricketClubDAL.Db - Found 2 rows.
2026-01-07 17:24:47,978 INFO  CricketClubDAL.Db - Executing SQL: select * from thevilla_admin.bowling_stats a, thevilla_admin.matches b where a.match_id = b.match_id and player_id = 270
2026-01-07 17:24:47,981 INFO  CricketClubDAL.Db - Found 0 rows.
2026-01-07 17:24:47,982 INFO  CricketClubDAL.Db - Executing SQL: select * from thevilla_admin.bowling_stats a, thevilla_admin.matches b where a.match_id = b.match_id and player_id = 147
2026-01-07 17:24:47,984 INFO  CricketClubDAL.Db - Found 100 rows.
2026-01-07 17:24:47,985 INFO  CricketClubDAL.Db - Executing SQL: select * from thevilla_admin.Players where player_id = 75
2026-01-07 17:24:47,985 INFO  CricketClubDAL.Db - Found 1 rows.
2026-01-07 17:24:47,986 INFO  CricketClubDAL.Db - Executing SQL: select * from thevilla_admin.batting_scorecards a, thevilla_admin.matches b where a.match_id = b.match_id and player_id = 75
2026-01-07 17:24:47,987 INFO  CricketClubDAL.Db - Found 45 rows.
2026-01-07 17:24:47,987 INFO  CricketClubDAL.Db - Executing SQL: select * from thevilla_admin.bowling_stats a, thevilla_admin.matches b where a.match_id = b.match_id and player_id = 75
2026-01-07 17:24:47,989 INFO  CricketClubDAL.Db - Found 35 rows.
2026-01-07 17:24:47,990 INFO  CricketClubDAL.Db - Executing SQL: select * from thevilla_admin.Players where player_id = 65
2026-01-07 17:24:47,991 INFO  CricketClubDAL.Db - Found 1 rows.
2026-01-07 17:24:47,991 INFO  CricketClubDAL.Db - Executing SQL: select * from thevilla_admin.batting_scorecards a, thevilla_admin.matches b where a.match_id = b.match_id and player_id = 65
2026-01-07 17:24:47,993 INFO  CricketClubDAL.Db - Found 197 rows.
2026-01-07 17:24:47,995 INFO  CricketClubDAL.Db - Executing SQL: select * from thevilla_admin.bowling_stats a, thevilla_admin.matches b where a.match_id = b.match_id and player_id = 65
2026-01-07 17:24:47,998 INFO  CricketClubDAL.Db - Found 190 rows.
2026-01-07 17:24:47,999 INFO  CricketClubDAL.Db - Executing SQL: select * from thevilla_admin.bowling_stats a, thevilla_admin.matches b where a.match_id = b.match_id and player_id = 203
2026-01-07 17:24:48,002 INFO  CricketClubDAL.Db - Found 0 rows.
2026-01-07 17:24:48,002 INFO  CricketClubDAL.Db - Executing SQL: select * from thevilla_admin.bowling_stats a, thevilla_admin.matches b where a.match_id = b.match_id and player_id = 7
2026-01-07 17:24:48,006 INFO  CricketClubDAL.Db - Found 17 rows.
2026-01-07 17:24:48,008 INFO  CricketClubDAL.Db - Executing SQL: select * from thevilla_admin.bowling_stats a, thevilla_admin.matches b where a.match_id = b.match_id and player_id = 188
2026-01-07 17:24:48,010 INFO  CricketClubDAL.Db - Found 0 rows.
2026-01-07 17:24:48,010 INFO  CricketClubDAL.Db - Executing SQL: select * from thevilla_admin.bowling_stats a, thevilla_admin.matches b where a.match_id = b.match_id and player_id = 3
2026-01-07 17:24:48,014 INFO  CricketClubDAL.Db - Found 69 rows.
2026-01-07 17:24:48,015 INFO  CricketClubDAL.Db - Executing SQL: select * from thevilla_admin.bowling_stats a, thevilla_admin.matches b where a.match_id = b.match_id and player_id = 239
2026-01-07 17:24:48,018 INFO  CricketClubDAL.Db - Found 0 rows.
2026-01-07 17:24:48,018 INFO  CricketClubDAL.Db - Executing SQL: select * from thevilla_admin.bowling_stats a, thevilla_admin.matches b where a.match_id = b.match_id and player_id = 190
2026-01-07 17:24:48,020 INFO  CricketClubDAL.Db - Found 1 rows.
2026-01-07 17:24:48,020 INFO  CricketClubDAL.Db - Executing SQL: select * from thevilla_admin.bowling_stats a, thevilla_admin.matches b where a.match_id = b.match_id and player_id = 45
2026-01-07 17:24:48,025 INFO  CricketClubDAL.Db - Found 104 rows.
2026-01-07 17:24:48,026 INFO  CricketClubDAL.Db - Executing SQL: select * from thevilla_admin.bowling_stats a, thevilla_admin.matches b where a.match_id = b.match_id and player_id = 198
2026-01-07 17:24:48,029 INFO  CricketClubDAL.Db - Found 0 rows.
2026-01-07 17:24:48,029 INFO  CricketClubDAL.Db - Executing SQL: select * from thevilla_admin.bowling_stats a, thevilla_admin.matches b where a.match_id = b.match_id and player_id = 234
2026-01-07 17:24:48,031 INFO  CricketClubDAL.Db - Found 0 rows.
2026-01-07 17:24:48,033 INFO  CricketClubDAL.Db - Executing SQL: select * from thevilla_admin.bowling_stats a, thevilla_admin.matches b where a.match_id = b.match_id and player_id = 251
2026-01-07 17:24:48,035 INFO  CricketClubDAL.Db - Found 22 rows.
2026-01-07 17:24:48,036 INFO  CricketClubDAL.Db - Executing SQL: select * from thevilla_admin.bowling_stats a, thevilla_admin.matches b where a.match_id = b.match_id and player_id = 180
2026-01-07 17:24:48,038 INFO  CricketClubDAL.Db - Found 1 rows.
2026-01-07 17:24:48,039 INFO  CricketClubDAL.Db - Executing SQL: select * from thevilla_admin.bowling_stats a, thevilla_admin.matches b where a.match_id = b.match_id and player_id = 25
2026-01-07 17:24:48,042 INFO  CricketClubDAL.Db - Found 0 rows.
2026-01-07 17:24:48,043 INFO  CricketClubDAL.Db - Executing SQL: select * from thevilla_admin.bowling_stats a, thevilla_admin.matches b where a.match_id = b.match_id and player_id = 226
2026-01-07 17:24:48,045 INFO  CricketClubDAL.Db - Found 0 rows.
2026-01-07 17:24:48,046 INFO  CricketClubDAL.Db - Executing SQL: select * from thevilla_admin.bowling_stats a, thevilla_admin.matches b where a.match_id = b.match_id and player_id = 101
2026-01-07 17:24:48,048 INFO  CricketClubDAL.Db - Found 0 rows.
2026-01-07 17:24:48,048 INFO  CricketClubDAL.Db - Executing SQL: select * from thevilla_admin.bowling_stats a, thevilla_admin.matches b where a.match_id = b.match_id and player_id = 91
2026-01-07 17:24:48,050 INFO  CricketClubDAL.Db - Found 1 rows.
2026-01-07 17:24:48,051 INFO  CricketClubDAL.Db - Executing SQL: select * from thevilla_admin.bowling_stats a, thevilla_admin.matches b where a.match_id = b.match_id and player_id = 61
2026-01-07 17:24:48,054 INFO  CricketClubDAL.Db - Found 1 rows.
2026-01-07 17:24:48,055 INFO  CricketClubDAL.Db - Executing SQL: select * from thevilla_admin.bowling_stats a, thevilla_admin.matches b where a.match_id = b.match_id and player_id = 31
2026-01-07 17:24:48,057 INFO  CricketClubDAL.Db - Found 1 rows.
2026-01-07 17:24:48,058 INFO  CricketClubDAL.Db - Executing SQL: select * from thevilla_admin.bowling_stats a, thevilla_admin.matches b where a.match_id = b.match_id and player_id = 82
2026-01-07 17:24:48,060 INFO  CricketClubDAL.Db - Found 0 rows.
2026-01-07 17:24:48,061 INFO  CricketClubDAL.Db - Executing SQL: select * from thevilla_admin.bowling_stats a, thevilla_admin.matches b where a.match_id = b.match_id and player_id = 36
2026-01-07 17:24:48,063 INFO  CricketClubDAL.Db - Found 0 rows.
2026-01-07 17:24:48,064 INFO  CricketClubDAL.Db - Executing SQL: select * from thevilla_admin.bowling_stats a, thevilla_admin.matches b where a.match_id = b.match_id and player_id = 49
2026-01-07 17:24:48,067 INFO  CricketClubDAL.Db - Found 1 rows.
2026-01-07 17:24:48,067 INFO  CricketClubDAL.Db - Executing SQL: select * from thevilla_admin.bowling_stats a, thevilla_admin.matches b where a.match_id = b.match_id and player_id = 40
2026-01-07 17:24:48,070 INFO  CricketClubDAL.Db - Found 1 rows.
2026-01-07 17:24:48,070 INFO  CricketClubDAL.Db - Executing SQL: select * from thevilla_admin.bowling_stats a, thevilla_admin.matches b where a.match_id = b.match_id and player_id = 100
2026-01-07 17:24:48,073 INFO  CricketClubDAL.Db - Found 0 rows.
2026-01-07 17:24:48,073 INFO  CricketClubDAL.Db - Executing SQL: select * from thevilla_admin.bowling_stats a, thevilla_admin.matches b where a.match_id = b.match_id and player_id = 76
2026-01-07 17:24:48,076 INFO  CricketClubDAL.Db - Found 1 rows.
2026-01-07 17:24:48,076 INFO  CricketClubDAL.Db - Executing SQL: select * from thevilla_admin.bowling_stats a, thevilla_admin.matches b where a.match_id = b.match_id and player_id = 67
2026-01-07 17:24:48,079 INFO  CricketClubDAL.Db - Found 1 rows.
2026-01-07 17:24:48,080 INFO  CricketClubDAL.Db - Executing SQL: select * from thevilla_admin.bowling_stats a, thevilla_admin.matches b where a.match_id = b.match_id and player_id = 96
2026-01-07 17:24:48,082 INFO  CricketClubDAL.Db - Found 1 rows.
2026-01-07 17:24:48,083 INFO  CricketClubDAL.Db - Executing SQL: select * from thevilla_admin.bowling_stats a, thevilla_admin.matches b where a.match_id = b.match_id and player_id = 117
2026-01-07 17:24:48,085 INFO  CricketClubDAL.Db - Found 0 rows.
2026-01-07 17:24:48,085 INFO  CricketClubDAL.Db - Executing SQL: select * from thevilla_admin.bowling_stats a, thevilla_admin.matches b where a.match_id = b.match_id and player_id = 28
2026-01-07 17:24:48,089 INFO  CricketClubDAL.Db - Found 1 rows.
2026-01-07 17:24:48,089 INFO  CricketClubDAL.Db - Executing SQL: select * from thevilla_admin.bowling_stats a, thevilla_admin.matches b where a.match_id = b.match_id and player_id = 107
2026-01-07 17:24:48,091 INFO  CricketClubDAL.Db - Found 0 rows.
2026-01-07 17:24:48,092 INFO  CricketClubDAL.Db - Executing SQL: select * from thevilla_admin.bowling_stats a, thevilla_admin.matches b where a.match_id = b.match_id and player_id = 14
2026-01-07 17:24:48,094 INFO  CricketClubDAL.Db - Found 0 rows.
2026-01-07 17:24:48,094 INFO  CricketClubDAL.Db - Executing SQL: select * from thevilla_admin.bowling_stats a, thevilla_admin.matches b where a.match_id = b.match_id and player_id = 116
2026-01-07 17:24:48,097 INFO  CricketClubDAL.Db - Found 0 rows.
2026-01-07 17:24:48,097 INFO  CricketClubDAL.Db - Executing SQL: select * from thevilla_admin.bowling_stats a, thevilla_admin.matches b where a.match_id = b.match_id and player_id = 121
2026-01-07 17:24:48,101 INFO  CricketClubDAL.Db - Found 0 rows.
2026-01-07 17:24:48,102 INFO  CricketClubDAL.Db - Executing SQL: select * from thevilla_admin.bowling_stats a, thevilla_admin.matches b where a.match_id = b.match_id and player_id = 60
2026-01-07 17:24:48,104 INFO  CricketClubDAL.Db - Found 0 rows.
2026-01-07 17:24:48,105 INFO  CricketClubDAL.Db - Executing SQL: select * from thevilla_admin.bowling_stats a, thevilla_admin.matches b where a.match_id = b.match_id and player_id = 84
2026-01-07 17:24:48,107 INFO  CricketClubDAL.Db - Found 0 rows.
2026-01-07 17:24:48,107 INFO  CricketClubDAL.Db - Executing SQL: select * from thevilla_admin.bowling_stats a, thevilla_admin.matches b where a.match_id = b.match_id and player_id = 57
2026-01-07 17:24:48,109 INFO  CricketClubDAL.Db - Found 0 rows.
2026-01-07 17:24:48,109 INFO  CricketClubDAL.Db - Executing SQL: select * from thevilla_admin.bowling_stats a, thevilla_admin.matches b where a.match_id = b.match_id and player_id = 71
2026-01-07 17:24:48,111 INFO  CricketClubDAL.Db - Found 0 rows.
2026-01-07 17:24:48,112 INFO  CricketClubDAL.Db - Executing SQL: select * from thevilla_admin.bowling_stats a, thevilla_admin.matches b where a.match_id = b.match_id and player_id = 72
2026-01-07 17:24:48,114 INFO  CricketClubDAL.Db - Found 0 rows.
2026-01-07 17:24:48,116 INFO  CricketClubDAL.Db - Executing SQL: select * from thevilla_admin.bowling_stats a, thevilla_admin.matches b where a.match_id = b.match_id and player_id = 86
2026-01-07 17:24:48,118 INFO  CricketClubDAL.Db - Found 1 rows.
2026-01-07 17:24:48,119 INFO  CricketClubDAL.Db - Executing SQL: select * from thevilla_admin.bowling_stats a, thevilla_admin.matches b where a.match_id = b.match_id and player_id = 95
2026-01-07 17:24:48,121 INFO  CricketClubDAL.Db - Found 1 rows.
2026-01-07 17:24:48,121 INFO  CricketClubDAL.Db - Executing SQL: select * from thevilla_admin.bowling_stats a, thevilla_admin.matches b where a.match_id = b.match_id and player_id = 110
2026-01-07 17:24:48,124 INFO  CricketClubDAL.Db - Found 1 rows.
2026-01-07 17:24:48,125 INFO  CricketClubDAL.Db - Executing SQL: select * from thevilla_admin.bowling_stats a, thevilla_admin.matches b where a.match_id = b.match_id and player_id = 106
2026-01-07 17:24:48,127 INFO  CricketClubDAL.Db - Found 1 rows.
2026-01-07 17:24:48,128 INFO  CricketClubDAL.Db - Executing SQL: select * from thevilla_admin.bowling_stats a, thevilla_admin.matches b where a.match_id = b.match_id and player_id = 105
2026-01-07 17:24:48,132 INFO  CricketClubDAL.Db - Found 0 rows.
2026-01-07 17:24:48,132 INFO  CricketClubDAL.Db - Executing SQL: select * from thevilla_admin.bowling_stats a, thevilla_admin.matches b where a.match_id = b.match_id and player_id = 79
2026-01-07 17:24:48,135 INFO  CricketClubDAL.Db - Found 0 rows.
2026-01-07 17:24:48,135 INFO  CricketClubDAL.Db - Executing SQL: select * from thevilla_admin.bowling_stats a, thevilla_admin.matches b where a.match_id = b.match_id and player_id = 80
2026-01-07 17:24:48,137 INFO  CricketClubDAL.Db - Found 1 rows.
2026-01-07 17:24:48,138 INFO  CricketClubDAL.Db - Executing SQL: select * from thevilla_admin.bowling_stats a, thevilla_admin.matches b where a.match_id = b.match_id and player_id = 78
2026-01-07 17:24:48,140 INFO  CricketClubDAL.Db - Found 1 rows.
2026-01-07 17:24:48,140 INFO  CricketClubDAL.Db - Executing SQL: select * from thevilla_admin.bowling_stats a, thevilla_admin.matches b where a.match_id = b.match_id and player_id = 69
2026-01-07 17:24:48,143 INFO  CricketClubDAL.Db - Found 0 rows.
2026-01-07 17:24:48,143 INFO  CricketClubDAL.Db - Executing SQL: select * from thevilla_admin.bowling_stats a, thevilla_admin.matches b where a.match_id = b.match_id and player_id = 98
2026-01-07 17:24:48,147 INFO  CricketClubDAL.Db - Found 0 rows.
2026-01-07 17:24:48,148 INFO  CricketClubDAL.Db - Executing SQL: select * from thevilla_admin.bowling_stats a, thevilla_admin.matches b where a.match_id = b.match_id and player_id = 74
2026-01-07 17:24:48,150 INFO  CricketClubDAL.Db - Found 1 rows.
2026-01-07 17:24:48,150 INFO  CricketClubDAL.Db - Executing SQL: select * from thevilla_admin.bowling_stats a, thevilla_admin.matches b where a.match_id = b.match_id and player_id = 103
2026-01-07 17:24:48,152 INFO  CricketClubDAL.Db - Found 1 rows.
2026-01-07 17:24:48,152 INFO  CricketClubDAL.Db - Executing SQL: select * from thevilla_admin.bowling_stats a, thevilla_admin.matches b where a.match_id = b.match_id and player_id = 37
2026-01-07 17:24:48,155 INFO  CricketClubDAL.Db - Found 0 rows.
2026-01-07 17:24:48,156 INFO  CricketClubDAL.Db - Executing SQL: select * from thevilla_admin.bowling_stats a, thevilla_admin.matches b where a.match_id = b.match_id and player_id = 8
2026-01-07 17:24:48,158 INFO  CricketClubDAL.Db - Found 0 rows.
2026-01-07 17:24:48,158 INFO  CricketClubDAL.Db - Executing SQL: select * from thevilla_admin.bowling_stats a, thevilla_admin.matches b where a.match_id = b.match_id and player_id = 33
2026-01-07 17:24:48,161 INFO  CricketClubDAL.Db - Found 1 rows.
2026-01-07 17:24:48,161 INFO  CricketClubDAL.Db - Executing SQL: select * from thevilla_admin.bowling_stats a, thevilla_admin.matches b where a.match_id = b.match_id and player_id = 66
2026-01-07 17:24:48,164 INFO  CricketClubDAL.Db - Found 1 rows.
2026-01-07 17:24:48,165 INFO  CricketClubDAL.Db - Executing SQL: select * from thevilla_admin.bowling_stats a, thevilla_admin.matches b where a.match_id = b.match_id and player_id = 99
2026-01-07 17:24:48,168 INFO  CricketClubDAL.Db - Found 0 rows.
2026-01-07 17:24:48,168 INFO  CricketClubDAL.Db - Executing SQL: select * from thevilla_admin.bowling_stats a, thevilla_admin.matches b where a.match_id = b.match_id and player_id = 70
2026-01-07 17:24:48,170 INFO  CricketClubDAL.Db - Found 0 rows.
2026-01-07 17:24:48,170 INFO  CricketClubDAL.Db - Executing SQL: select * from thevilla_admin.bowling_stats a, thevilla_admin.matches b where a.match_id = b.match_id and player_id = 22
2026-01-07 17:24:48,173 INFO  CricketClubDAL.Db - Found 0 rows.
2026-01-07 17:24:48,174 INFO  CricketClubDAL.Db - Executing SQL: select * from thevilla_admin.bowling_stats a, thevilla_admin.matches b where a.match_id = b.match_id and player_id = 26
2026-01-07 17:24:48,176 INFO  CricketClubDAL.Db - Found 0 rows.
2026-01-07 17:24:48,177 INFO  CricketClubDAL.Db - Executing SQL: select * from thevilla_admin.bowling_stats a, thevilla_admin.matches b where a.match_id = b.match_id and player_id = 108
2026-01-07 17:24:48,181 INFO  CricketClubDAL.Db - Found 0 rows.
2026-01-07 17:24:48,182 INFO  CricketClubDAL.Db - Executing SQL: select * from thevilla_admin.bowling_stats a, thevilla_admin.matches b where a.match_id = b.match_id and player_id = 41
2026-01-07 17:24:48,184 INFO  CricketClubDAL.Db - Found 0 rows.
2026-01-07 17:24:48,184 INFO  CricketClubDAL.Db - Executing SQL: select * from thevilla_admin.bowling_stats a, thevilla_admin.matches b where a.match_id = b.match_id and player_id = 111
2026-01-07 17:24:48,186 INFO  CricketClubDAL.Db - Found 0 rows.
2026-01-07 17:24:48,186 INFO  CricketClubDAL.Db - Executing SQL: select * from thevilla_admin.bowling_stats a, thevilla_admin.matches b where a.match_id = b.match_id and player_id = 64
2026-01-07 17:24:48,189 INFO  CricketClubDAL.Db - Found 0 rows.
2026-01-07 17:24:48,189 INFO  CricketClubDAL.Db - Executing SQL: select * from thevilla_admin.bowling_stats a, thevilla_admin.matches b where a.match_id = b.match_id and player_id = 109
2026-01-07 17:24:48,191 INFO  CricketClubDAL.Db - Found 0 rows.
2026-01-07 17:24:48,192 INFO  CricketClubDAL.Db - Executing SQL: select * from thevilla_admin.bowling_stats a, thevilla_admin.matches b where a.match_id = b.match_id and player_id = 115
2026-01-07 17:24:48,196 INFO  CricketClubDAL.Db - Found 0 rows.
2026-01-07 17:24:48,197 INFO  CricketClubDAL.Db - Executing SQL: select * from thevilla_admin.bowling_stats a, thevilla_admin.matches b where a.match_id = b.match_id and player_id = 19
2026-01-07 17:24:48,199 INFO  CricketClubDAL.Db - Found 0 rows.
2026-01-07 17:24:48,199 INFO  CricketClubDAL.Db - Executing SQL: select * from thevilla_admin.bowling_stats a, thevilla_admin.matches b where a.match_id = b.match_id and player_id = 48
2026-01-07 17:24:48,202 INFO  CricketClubDAL.Db - Found 1 rows.
2026-01-07 17:24:48,202 INFO  CricketClubDAL.Db - Executing SQL: select * from thevilla_admin.bowling_stats a, thevilla_admin.matches b where a.match_id = b.match_id and player_id = 118
2026-01-07 17:24:48,204 INFO  CricketClubDAL.Db - Found 2 rows.
2026-01-07 17:24:48,204 INFO  CricketClubDAL.Db - Executing SQL: select * from thevilla_admin.bowling_stats a, thevilla_admin.matches b where a.match_id = b.match_id and player_id = 68
2026-01-07 17:24:48,209 INFO  CricketClubDAL.Db - Found 7 rows.
2026-01-07 17:24:48,209 INFO  CricketClubDAL.Db - Executing SQL: select * from thevilla_admin.bowling_stats a, thevilla_admin.matches b where a.match_id = b.match_id and player_id = 225
2026-01-07 17:24:48,213 INFO  CricketClubDAL.Db - Found 1 rows.
2026-01-07 17:24:48,214 INFO  CricketClubDAL.Db - Executing SQL: select * from thevilla_admin.bowling_stats a, thevilla_admin.matches b where a.match_id = b.match_id and player_id = 224
2026-01-07 17:24:48,216 INFO  CricketClubDAL.Db - Found 2 rows.
2026-01-07 17:24:48,216 INFO  CricketClubDAL.Db - Executing SQL: select * from thevilla_admin.bowling_stats a, thevilla_admin.matches b where a.match_id = b.match_id and player_id = 126
2026-01-07 17:24:48,218 INFO  CricketClubDAL.Db - Found 0 rows.
2026-01-07 17:24:48,218 INFO  CricketClubDAL.Db - Executing SQL: select * from thevilla_admin.bowling_stats a, thevilla_admin.matches b where a.match_id = b.match_id and player_id = 39
2026-01-07 17:24:48,221 INFO  CricketClubDAL.Db - Found 0 rows.
2026-01-07 17:24:48,221 INFO  CricketClubDAL.Db - Executing SQL: select * from thevilla_admin.bowling_stats a, thevilla_admin.matches b where a.match_id = b.match_id and player_id = 75
2026-01-07 17:24:48,223 INFO  CricketClubDAL.Db - Found 35 rows.
2026-01-07 17:24:48,223 INFO  CricketClubDAL.Db - Executing SQL: select * from thevilla_admin.Players where player_id = 65
2026-01-07 17:24:48,224 INFO  CricketClubDAL.Db - Found 1 rows.
2026-01-07 17:24:48,224 INFO  CricketClubDAL.Db - Executing SQL: select * from thevilla_admin.batting_scorecards a, thevilla_admin.matches b where a.match_id = b.match_id and player_id = 65
2026-01-07 17:24:48,227 INFO  CricketClubDAL.Db - Found 197 rows.
2026-01-07 17:24:48,229 INFO  CricketClubDAL.Db - Executing SQL: select * from thevilla_admin.bowling_stats a, thevilla_admin.matches b where a.match_id = b.match_id and player_id = 65
2026-01-07 17:24:48,231 INFO  CricketClubDAL.Db - Found 190 rows.
2026-01-07 17:24:48,234 INFO  CricketClubDAL.Db - Executing SQL: select * from thevilla_admin.bowling_stats a, thevilla_admin.matches b where a.match_id = b.match_id and player_id = 162
2026-01-07 17:24:48,237 INFO  CricketClubDAL.Db - Found 1 rows.
2026-01-07 17:24:48,237 INFO  CricketClubDAL.Db - Executing SQL: select * from thevilla_admin.bowling_stats a, thevilla_admin.matches b where a.match_id = b.match_id and player_id = 102
2026-01-07 17:24:48,239 INFO  CricketClubDAL.Db - Found 0 rows.
2026-01-07 17:24:48,240 INFO  CricketClubDAL.Db - Executing SQL: select * from thevilla_admin.bowling_stats a, thevilla_admin.matches b where a.match_id = b.match_id and player_id = 122
2026-01-07 17:24:48,242 INFO  CricketClubDAL.Db - Found 0 rows.
2026-01-07 17:24:48,243 INFO  CricketClubDAL.Db - Executing SQL: select * from thevilla_admin.bowling_stats a, thevilla_admin.matches b where a.match_id = b.match_id and player_id = 123
2026-01-07 17:24:48,245 INFO  CricketClubDAL.Db - Found 0 rows.
2026-01-07 17:24:48,245 INFO  CricketClubDAL.Db - Executing SQL: select * from thevilla_admin.bowling_stats a, thevilla_admin.matches b where a.match_id = b.match_id and player_id = 43
2026-01-07 17:24:48,249 INFO  CricketClubDAL.Db - Found 101 rows.
2026-01-07 17:24:48,250 INFO  CricketClubDAL.Db - Executing SQL: select * from thevilla_admin.bowling_stats a, thevilla_admin.matches b where a.match_id = b.match_id and player_id = 15
2026-01-07 17:24:48,253 INFO  CricketClubDAL.Db - Found 2 rows.
2026-01-07 17:24:48,254 INFO  CricketClubDAL.Db - Executing SQL: select * from thevilla_admin.bowling_stats a, thevilla_admin.matches b where a.match_id = b.match_id and player_id = 134
2026-01-07 17:24:48,255 INFO  CricketClubDAL.Db - Found 0 rows.
2026-01-07 17:24:48,257 INFO  CricketClubDAL.Db - Executing SQL: select * from thevilla_admin.bowling_stats a, thevilla_admin.matches b where a.match_id = b.match_id and player_id = 143
2026-01-07 17:24:48,259 INFO  CricketClubDAL.Db - Found 0 rows.
2026-01-07 17:24:48,260 INFO  CricketClubDAL.Db - Executing SQL: select * from thevilla_admin.bowling_stats a, thevilla_admin.matches b where a.match_id = b.match_id and player_id = 161
2026-01-07 17:24:48,262 INFO  CricketClubDAL.Db - Found 0 rows.
2026-01-07 17:24:48,262 INFO  CricketClubDAL.Db - Executing SQL: select * from thevilla_admin.bowling_stats a, thevilla_admin.matches b where a.match_id = b.match_id and player_id = 127
2026-01-07 17:24:48,265 INFO  CricketClubDAL.Db - Found 1 rows.
2026-01-07 17:24:48,266 INFO  CricketClubDAL.Db - Executing SQL: select * from thevilla_admin.bowling_stats a, thevilla_admin.matches b where a.match_id = b.match_id and player_id = 44
2026-01-07 17:24:48,270 INFO  CricketClubDAL.Db - Found 7 rows.
2026-01-07 17:24:48,270 INFO  CricketClubDAL.Db - Executing SQL: select * from thevilla_admin.bowling_stats a, thevilla_admin.matches b where a.match_id = b.match_id and player_id = 156
2026-01-07 17:24:48,274 INFO  CricketClubDAL.Db - Found 0 rows.
2026-01-07 17:24:48,274 INFO  CricketClubDAL.Db - Executing SQL: select * from thevilla_admin.bowling_stats a, thevilla_admin.matches b where a.match_id = b.match_id and player_id = 35
2026-01-07 17:24:48,277 INFO  CricketClubDAL.Db - Found 70 rows.
2026-01-07 17:24:48,279 INFO  CricketClubDAL.Db - Executing SQL: select * from thevilla_admin.bowling_stats a, thevilla_admin.matches b where a.match_id = b.match_id and player_id = 154
2026-01-07 17:24:48,282 INFO  CricketClubDAL.Db - Found 0 rows.
2026-01-07 17:24:48,282 INFO  CricketClubDAL.Db - Executing SQL: select * from thevilla_admin.bowling_stats a, thevilla_admin.matches b where a.match_id = b.match_id and player_id = 50
2026-01-07 17:24:48,285 INFO  CricketClubDAL.Db - Found 2 rows.
2026-01-07 17:24:48,285 INFO  CricketClubDAL.Db - Executing SQL: select * from thevilla_admin.bowling_stats a, thevilla_admin.matches b where a.match_id = b.match_id and player_id = 52
2026-01-07 17:24:48,289 INFO  CricketClubDAL.Db - Found 5 rows.
2026-01-07 17:24:48,290 INFO  CricketClubDAL.Db - Executing SQL: select * from thevilla_admin.bowling_stats a, thevilla_admin.matches b where a.match_id = b.match_id and player_id = 159
2026-01-07 17:24:48,292 INFO  CricketClubDAL.Db - Found 0 rows.
2026-01-07 17:24:48,293 INFO  CricketClubDAL.Db - Executing SQL: select * from thevilla_admin.bowling_stats a, thevilla_admin.matches b where a.match_id = b.match_id and player_id = 63
2026-01-07 17:24:48,298 INFO  CricketClubDAL.Db - Found 4 rows.
2026-01-07 17:24:48,298 INFO  CricketClubDAL.Db - Executing SQL: select * from thevilla_admin.bowling_stats a, thevilla_admin.matches b where a.match_id = b.match_id and player_id = 130
2026-01-07 17:24:48,300 INFO  CricketClubDAL.Db - Found 0 rows.
2026-01-07 17:24:48,301 INFO  CricketClubDAL.Db - Executing SQL: select * from thevilla_admin.bowling_stats a, thevilla_admin.matches b where a.match_id = b.match_id and player_id = 113
2026-01-07 17:24:48,304 INFO  CricketClubDAL.Db - Found 1 rows.
2026-01-07 17:24:48,304 INFO  CricketClubDAL.Db - Executing SQL: select * from thevilla_admin.bowling_stats a, thevilla_admin.matches b where a.match_id = b.match_id and player_id = 13
2026-01-07 17:24:48,307 INFO  CricketClubDAL.Db - Found 2 rows.
2026-01-07 17:24:48,307 INFO  CricketClubDAL.Db - Executing SQL: select * from thevilla_admin.bowling_stats a, thevilla_admin.matches b where a.match_id = b.match_id and player_id = 112
2026-01-07 17:24:48,309 INFO  CricketClubDAL.Db - Found 0 rows.
2026-01-07 17:24:48,310 INFO  CricketClubDAL.Db - Executing SQL: select * from thevilla_admin.bowling_stats a, thevilla_admin.matches b where a.match_id = b.match_id and player_id = 62
2026-01-07 17:24:48,314 INFO  CricketClubDAL.Db - Found 30 rows.
2026-01-07 17:24:48,315 INFO  CricketClubDAL.Db - Executing SQL: select * from thevilla_admin.bowling_stats a, thevilla_admin.matches b where a.match_id = b.match_id and player_id = 89
2026-01-07 17:24:48,317 INFO  CricketClubDAL.Db - Found 0 rows.
2026-01-07 17:24:48,317 INFO  CricketClubDAL.Db - Executing SQL: select * from thevilla_admin.bowling_stats a, thevilla_admin.matches b where a.match_id = b.match_id and player_id = 42
2026-01-07 17:24:48,321 INFO  CricketClubDAL.Db - Found 17 rows.
2026-01-07 17:24:48,322 INFO  CricketClubDAL.Db - Executing SQL: select * from thevilla_admin.bowling_stats a, thevilla_admin.matches b where a.match_id = b.match_id and player_id = 144
2026-01-07 17:24:48,324 INFO  CricketClubDAL.Db - Found 1 rows.
2026-01-07 17:24:48,325 INFO  CricketClubDAL.Db - Executing SQL: select * from thevilla_admin.bowling_stats a, thevilla_admin.matches b where a.match_id = b.match_id and player_id = 53
2026-01-07 17:24:48,327 INFO  CricketClubDAL.Db - Found 0 rows.
2026-01-07 17:24:48,327 INFO  CricketClubDAL.Db - Executing SQL: select * from thevilla_admin.bowling_stats a, thevilla_admin.matches b where a.match_id = b.match_id and player_id = 129
2026-01-07 17:24:48,331 INFO  CricketClubDAL.Db - Found 0 rows.
2026-01-07 17:24:48,332 INFO  CricketClubDAL.Db - Executing SQL: select * from thevilla_admin.bowling_stats a, thevilla_admin.matches b where a.match_id = b.match_id and player_id = 114
2026-01-07 17:24:48,334 INFO  CricketClubDAL.Db - Found 1 rows.
2026-01-07 17:24:48,335 INFO  CricketClubDAL.Db - Executing SQL: select * from thevilla_admin.bowling_stats a, thevilla_admin.matches b where a.match_id = b.match_id and player_id = 131
2026-01-07 17:24:48,337 INFO  CricketClubDAL.Db - Found 0 rows.
2026-01-07 17:24:48,338 INFO  CricketClubDAL.Db - Executing SQL: select * from thevilla_admin.bowling_stats a, thevilla_admin.matches b where a.match_id = b.match_id and player_id = 92
2026-01-07 17:24:48,341 INFO  CricketClubDAL.Db - Found 1 rows.
2026-01-07 17:24:48,341 INFO  CricketClubDAL.Db - Executing SQL: select * from thevilla_admin.bowling_stats a, thevilla_admin.matches b where a.match_id = b.match_id and player_id = 55
2026-01-07 17:24:48,343 INFO  CricketClubDAL.Db - Found 1 rows.
2026-01-07 17:24:48,344 INFO  CricketClubDAL.Db - Executing SQL: select * from thevilla_admin.bowling_stats a, thevilla_admin.matches b where a.match_id = b.match_id and player_id = 138
2026-01-07 17:24:48,347 INFO  CricketClubDAL.Db - Found 0 rows.
2026-01-07 17:24:48,347 INFO  CricketClubDAL.Db - Executing SQL: select * from thevilla_admin.bowling_stats a, thevilla_admin.matches b where a.match_id = b.match_id and player_id = 27
2026-01-07 17:24:48,351 INFO  CricketClubDAL.Db - Found 11 rows.
2026-01-07 17:24:48,352 INFO  CricketClubDAL.Db - Executing SQL: select * from thevilla_admin.bowling_stats a, thevilla_admin.matches b where a.match_id = b.match_id and player_id = 124
2026-01-07 17:24:48,355 INFO  CricketClubDAL.Db - Found 0 rows.
2026-01-07 17:24:48,356 INFO  CricketClubDAL.Db - Executing SQL: select * from thevilla_admin.bowling_stats a, thevilla_admin.matches b where a.match_id = b.match_id and player_id = 46
2026-01-07 17:24:48,359 INFO  CricketClubDAL.Db - Found 20 rows.
2026-01-07 17:24:48,359 INFO  CricketClubDAL.Db - Executing SQL: select * from thevilla_admin.bowling_stats a, thevilla_admin.matches b where a.match_id = b.match_id and player_id = 54
2026-01-07 17:24:48,363 INFO  CricketClubDAL.Db - Found 1 rows.
2026-01-07 17:24:48,364 INFO  CricketClubDAL.Db - Executing SQL: select * from thevilla_admin.bowling_stats a, thevilla_admin.matches b where a.match_id = b.match_id and player_id = 34
2026-01-07 17:24:48,368 INFO  CricketClubDAL.Db - Found 0 rows.
2026-01-07 17:24:48,368 INFO  CricketClubDAL.Db - Executing SQL: select * from thevilla_admin.bowling_stats a, thevilla_admin.matches b where a.match_id = b.match_id and player_id = 139
2026-01-07 17:24:48,371 INFO  CricketClubDAL.Db - Found 0 rows.
2026-01-07 17:24:48,371 INFO  CricketClubDAL.Db - Executing SQL: select * from thevilla_admin.bowling_stats a, thevilla_admin.matches b where a.match_id = b.match_id and player_id = 132
2026-01-07 17:24:48,374 INFO  CricketClubDAL.Db - Found 0 rows.
2026-01-07 17:24:48,375 INFO  CricketClubDAL.Db - Executing SQL: select * from thevilla_admin.bowling_stats a, thevilla_admin.matches b where a.match_id = b.match_id and player_id = 10
2026-01-07 17:24:48,377 INFO  CricketClubDAL.Db - Found 5 rows.
2026-01-07 17:24:48,378 INFO  CricketClubDAL.Db - Executing SQL: select * from thevilla_admin.bowling_stats a, thevilla_admin.matches b where a.match_id = b.match_id and player_id = 18
2026-01-07 17:24:48,382 INFO  CricketClubDAL.Db - Found 0 rows.
2026-01-07 17:24:48,382 INFO  CricketClubDAL.Db - Executing SQL: select * from thevilla_admin.bowling_stats a, thevilla_admin.matches b where a.match_id = b.match_id and player_id = 59
2026-01-07 17:24:48,384 INFO  CricketClubDAL.Db - Found 3 rows.
2026-01-07 17:24:48,385 INFO  CricketClubDAL.Db - Executing SQL: select * from thevilla_admin.bowling_stats a, thevilla_admin.matches b where a.match_id = b.match_id and player_id = 20
2026-01-07 17:24:48,387 INFO  CricketClubDAL.Db - Found 5 rows.
2026-01-07 17:24:48,387 INFO  CricketClubDAL.Db - Executing SQL: select * from thevilla_admin.bowling_stats a, thevilla_admin.matches b where a.match_id = b.match_id and player_id = 183
2026-01-07 17:24:48,391 INFO  CricketClubDAL.Db - Found 3 rows.
2026-01-07 17:24:48,391 INFO  CricketClubDAL.Db - Executing SQL: select * from thevilla_admin.bowling_stats a, thevilla_admin.matches b where a.match_id = b.match_id and player_id = 6
2026-01-07 17:24:48,394 INFO  CricketClubDAL.Db - Found 17 rows.
2026-01-07 17:24:48,394 INFO  CricketClubDAL.Db - Executing SQL: select * from thevilla_admin.bowling_stats a, thevilla_admin.matches b where a.match_id = b.match_id and player_id = 5
2026-01-07 17:24:48,397 INFO  CricketClubDAL.Db - Found 0 rows.
2026-01-07 17:24:48,398 INFO  CricketClubDAL.Db - Executing SQL: select * from thevilla_admin.bowling_stats a, thevilla_admin.matches b where a.match_id = b.match_id and player_id = 24
2026-01-07 17:24:48,400 INFO  CricketClubDAL.Db - Found 0 rows.
2026-01-07 17:24:48,400 INFO  CricketClubDAL.Db - Executing SQL: select * from thevilla_admin.bowling_stats a, thevilla_admin.matches b where a.match_id = b.match_id and player_id = 151
2026-01-07 17:24:48,404 INFO  CricketClubDAL.Db - Found 0 rows.
2026-01-07 17:24:48,404 INFO  CricketClubDAL.Db - Executing SQL: select * from thevilla_admin.bowling_stats a, thevilla_admin.matches b where a.match_id = b.match_id and player_id = 181
2026-01-07 17:24:48,406 INFO  CricketClubDAL.Db - Found 0 rows.
2026-01-07 17:25:07,301 INFO  CricketClubDAL.Db - Executing SQL: select * from thevilla_admin.players
2026-01-07 17:25:07,303 INFO  CricketClubDAL.Db - Executing SQL: select * from dbo.awards
2026-01-07 17:25:07,329 INFO  CricketClubDAL.Db - Found 271 rows.
2026-01-07 17:25:07,331 INFO  CricketClubDAL.Db - Executing SQL: select * from thevilla_admin.batting_scorecards a, thevilla_admin.matches b where a.match_id = b.match_id
2026-01-07 17:25:07,354 ERROR CricketClubDAL.Db - Error executing SQL: select * from dbo.awards
System.Data.OleDb.OleDbException (0x80040E37): Invalid object name 'dbo.awards'.
   at System.Data.OleDb.OleDbDataReader.ProcessResults(OleDbHResult hr)
   at System.Data.OleDb.OleDbDataReader.NextResult()
   at System.Data.OleDb.OleDbCommand.ExecuteReaderInternal(CommandBehavior behavior, String method)
   at System.Data.OleDb.OleDbCommand.ExecuteReader(CommandBehavior behavior)
   at System.Data.OleDb.OleDbCommand.System.Data.IDbCommand.ExecuteReader(CommandBehavior behavior)
   at System.Data.Common.DbDataAdapter.FillInternal(DataSet dataset, DataTable[] datatables, Int32 startRecord, Int32 maxRecords, String srcTable, IDbCommand command, CommandBehavior behavior)
   at System.Data.Common.DbDataAdapter.Fill(DataSet dataSet, Int32 startRecord, Int32 maxRecords, String srcTable, IDbCommand command, CommandBehavior behavior)
   at System.Data.Common.DbDataAdapter.Fill(DataSet dataSet)
   at CricketClubDAL.Db.ExecuteSqlAndReturnAllRows(String sql)
2026-01-07 17:25:07,371 INFO  CricketClubDAL.Db - Found 3828 rows.
2026-01-07 17:25:07,409 INFO  CricketClubDAL.Db - Executing SQL: select * from thevilla_admin.bowling_stats a, thevilla_admin.matches b where a.match_id = b.match_id
2026-01-07 17:25:07,426 INFO  CricketClubDAL.Db - Found 2020 rows.
2026-01-07 17:25:07,440 INFO  CricketClubDAL.Db - Executing SQL: select * from thevilla_admin.bowling_scorecards a, thevilla_admin.matches b where a.match_id = b.match_id
2026-01-07 17:25:07,466 INFO  CricketClubDAL.Db - Found 3686 rows.
2026-01-07 17:25:15,212 INFO  CricketClubDAL.Db - Executing SQL: select * from matches
2026-01-07 17:25:15,222 INFO  CricketClubDAL.Db - Found 458 rows.
2026-01-07 17:25:15,252 INFO  CricketClubDAL.Db - Executing SQL: select * from matches
2026-01-07 17:25:15,257 INFO  CricketClubDAL.Db - Found 458 rows.
2026-01-07 17:25:15,281 INFO  CricketClubDAL.Db - Executing SQL: select count(*) from ballbyball_team where match_id=11
2026-01-07 17:25:15,286 INFO  CricketClubDAL.Db - Found 1 rows.
2026-01-07 17:25:15,287 INFO  CricketClubDAL.Db - Executing SQL: select count(*) from ballbyball_team where match_id=12
2026-01-07 17:25:15,288 INFO  CricketClubDAL.Db - Found 1 rows.
2026-01-07 17:25:15,289 INFO  CricketClubDAL.Db - Executing SQL: select count(*) from ballbyball_team where match_id=13
2026-01-07 17:25:15,290 INFO  CricketClubDAL.Db - Found 1 rows.
2026-01-07 17:25:15,290 INFO  CricketClubDAL.Db - Executing SQL: select count(*) from ballbyball_team where match_id=14
2026-01-07 17:25:15,292 INFO  CricketClubDAL.Db - Found 1 rows.
2026-01-07 17:25:15,293 INFO  CricketClubDAL.Db - Executing SQL: select count(*) from ballbyball_team where match_id=18
2026-01-07 17:25:15,294 INFO  CricketClubDAL.Db - Found 1 rows.
2026-01-07 17:25:15,294 INFO  CricketClubDAL.Db - Executing SQL: select count(*) from ballbyball_team where match_id=19
2026-01-07 17:25:15,295 INFO  CricketClubDAL.Db - Found 1 rows.
2026-01-07 17:25:15,296 INFO  CricketClubDAL.Db - Executing SQL: select count(*) from ballbyball_team where match_id=20
2026-01-07 17:25:15,297 INFO  CricketClubDAL.Db - Found 1 rows.
2026-01-07 17:25:15,297 INFO  CricketClubDAL.Db - Executing SQL: select count(*) from ballbyball_team where match_id=21
2026-01-07 17:25:15,298 INFO  CricketClubDAL.Db - Found 1 rows.
2026-01-07 17:25:15,300 INFO  CricketClubDAL.Db - Executing SQL: select count(*) from ballbyball_team where match_id=22
2026-01-07 17:25:15,300 INFO  CricketClubDAL.Db - Found 1 rows.
2026-01-07 17:25:15,301 INFO  CricketClubDAL.Db - Executing SQL: select count(*) from ballbyball_team where match_id=23
2026-01-07 17:25:15,302 INFO  CricketClubDAL.Db - Found 1 rows.
2026-01-07 17:25:15,302 INFO  CricketClubDAL.Db - Executing SQL: select count(*) from ballbyball_team where match_id=24
2026-01-07 17:25:15,303 INFO  CricketClubDAL.Db - Found 1 rows.
2026-01-07 17:25:15,304 INFO  CricketClubDAL.Db - Executing SQL: select count(*) from ballbyball_team where match_id=25
2026-01-07 17:25:15,305 INFO  CricketClubDAL.Db - Found 1 rows.
2026-01-07 17:25:15,306 INFO  CricketClubDAL.Db - Executing SQL: select count(*) from ballbyball_team where match_id=26
2026-01-07 17:25:15,307 INFO  CricketClubDAL.Db - Found 1 rows.
2026-01-07 17:25:15,309 INFO  CricketClubDAL.Db - Executing SQL: select count(*) from ballbyball_team where match_id=27
2026-01-07 17:25:15,310 INFO  CricketClubDAL.Db - Found 1 rows.
2026-01-07 17:25:15,310 INFO  CricketClubDAL.Db - Executing SQL: select count(*) from ballbyball_team where match_id=28
2026-01-07 17:25:15,311 INFO  CricketClubDAL.Db - Found 1 rows.
2026-01-07 17:25:15,312 INFO  CricketClubDAL.Db - Executing SQL: select count(*) from ballbyball_team where match_id=29
2026-01-07 17:25:15,313 INFO  CricketClubDAL.Db - Found 1 rows.
2026-01-07 17:25:15,314 INFO  CricketClubDAL.Db - Executing SQL: select count(*) from ballbyball_team where match_id=30
2026-01-07 17:25:15,315 INFO  CricketClubDAL.Db - Found 1 rows.
2026-01-07 17:25:15,315 INFO  CricketClubDAL.Db - Executing SQL: select count(*) from ballbyball_team where match_id=31
2026-01-07 17:25:15,316 INFO  CricketClubDAL.Db - Found 1 rows.
2026-01-07 17:25:15,317 INFO  CricketClubDAL.Db - Executing SQL: select count(*) from ballbyball_team where match_id=32
2026-01-07 17:25:15,318 INFO  CricketClubDAL.Db - Found 1 rows.
2026-01-07 17:25:15,318 INFO  CricketClubDAL.Db - Executing SQL: select count(*) from ballbyball_team where match_id=33
2026-01-07 17:25:15,319 INFO  CricketClubDAL.Db - Found 1 rows.
2026-01-07 17:25:15,320 INFO  CricketClubDAL.Db - Executing SQL: select count(*) from ballbyball_team where match_id=34
2026-01-07 17:25:15,321 INFO  CricketClubDAL.Db - Found 1 rows.
2026-01-07 17:25:15,321 INFO  CricketClubDAL.Db - Executing SQL: select count(*) from ballbyball_team where match_id=36
2026-01-07 17:25:15,322 INFO  CricketClubDAL.Db - Found 1 rows.
2026-01-07 17:25:15,323 INFO  CricketClubDAL.Db - Executing SQL: select count(*) from ballbyball_team where match_id=37
2026-01-07 17:25:15,325 INFO  CricketClubDAL.Db - Found 1 rows.
2026-01-07 17:25:15,325 INFO  CricketClubDAL.Db - Executing SQL: select count(*) from ballbyball_team where match_id=38
2026-01-07 17:25:15,326 INFO  CricketClubDAL.Db - Found 1 rows.
2026-01-07 17:25:15,327 INFO  CricketClubDAL.Db - Executing SQL: select count(*) from ballbyball_team where match_id=39
2026-01-07 17:25:15,328 INFO  CricketClubDAL.Db - Found 1 rows.
2026-01-07 17:25:15,329 INFO  CricketClubDAL.Db - Executing SQL: select count(*) from ballbyball_team where match_id=40
2026-01-07 17:25:15,330 INFO  CricketClubDAL.Db - Found 1 rows.
2026-01-07 17:25:15,331 INFO  CricketClubDAL.Db - Executing SQL: select count(*) from ballbyball_team where match_id=41
2026-01-07 17:25:15,332 INFO  CricketClubDAL.Db - Found 1 rows.
2026-01-07 17:25:15,332 INFO  CricketClubDAL.Db - Executing SQL: select count(*) from ballbyball_team where match_id=42
2026-01-07 17:25:15,333 INFO  CricketClubDAL.Db - Found 1 rows.
2026-01-07 17:25:15,334 INFO  CricketClubDAL.Db - Executing SQL: select count(*) from ballbyball_team where match_id=43
2026-01-07 17:25:15,336 INFO  CricketClubDAL.Db - Found 1 rows.
2026-01-07 17:25:15,336 INFO  CricketClubDAL.Db - Executing SQL: select count(*) from ballbyball_team where match_id=44
2026-01-07 17:25:15,337 INFO  CricketClubDAL.Db - Found 1 rows.
2026-01-07 17:25:15,338 INFO  CricketClubDAL.Db - Executing SQL: select count(*) from ballbyball_team where match_id=45
2026-01-07 17:25:15,339 INFO  CricketClubDAL.Db - Found 1 rows.
2026-01-07 17:25:15,340 INFO  CricketClubDAL.Db - Executing SQL: select count(*) from ballbyball_team where match_id=47
2026-01-07 17:25:15,341 INFO  CricketClubDAL.Db - Found 1 rows.
2026-01-07 17:25:15,341 INFO  CricketClubDAL.Db - Executing SQL: select count(*) from ballbyball_team where match_id=48
2026-01-07 17:25:15,342 INFO  CricketClubDAL.Db - Found 1 rows.
2026-01-07 17:25:15,344 INFO  CricketClubDAL.Db - Executing SQL: select count(*) from ballbyball_team where match_id=49
2026-01-07 17:25:15,345 INFO  CricketClubDAL.Db - Found 1 rows.
2026-01-07 17:25:15,345 INFO  CricketClubDAL.Db - Executing SQL: select count(*) from ballbyball_team where match_id=50
2026-01-07 17:25:15,346 INFO  CricketClubDAL.Db - Found 1 rows.
2026-01-07 17:25:15,347 INFO  CricketClubDAL.Db - Executing SQL: select count(*) from ballbyball_team where match_id=51
2026-01-07 17:25:15,348 INFO  CricketClubDAL.Db - Found 1 rows.
2026-01-07 17:25:15,348 INFO  CricketClubDAL.Db - Executing SQL: select count(*) from ballbyball_team where match_id=52
2026-01-07 17:25:15,349 INFO  CricketClubDAL.Db - Found 1 rows.
2026-01-07 17:25:15,350 INFO  CricketClubDAL.Db - Executing SQL: select count(*) from ballbyball_team where match_id=53
2026-01-07 17:25:15,351 INFO  CricketClubDAL.Db - Found 1 rows.
2026-01-07 17:25:15,351 INFO  CricketClubDAL.Db - Executing SQL: select count(*) from ballbyball_team where match_id=54
2026-01-07 17:25:15,352 INFO  CricketClubDAL.Db - Found 1 rows.
2026-01-07 17:25:15,353 INFO  CricketClubDAL.Db - Executing SQL: select count(*) from ballbyball_team where match_id=55
2026-01-07 17:25:15,354 INFO  CricketClubDAL.Db - Found 1 rows.
2026-01-07 17:25:15,354 INFO  CricketClubDAL.Db - Executing SQL: select count(*) from ballbyball_team where match_id=56
2026-01-07 17:25:15,355 INFO  CricketClubDAL.Db - Found 1 rows.
2026-01-07 17:25:15,356 INFO  CricketClubDAL.Db - Executing SQL: select count(*) from ballbyball_team where match_id=57
2026-01-07 17:25:15,358 INFO  CricketClubDAL.Db - Found 1 rows.
2026-01-07 17:25:15,359 INFO  CricketClubDAL.Db - Executing SQL: select count(*) from ballbyball_team where match_id=58
2026-01-07 17:25:15,360 INFO  CricketClubDAL.Db - Found 1 rows.
2026-01-07 17:25:15,361 INFO  CricketClubDAL.Db - Executing SQL: select count(*) from ballbyball_team where match_id=59
2026-01-07 17:25:15,363 INFO  CricketClubDAL.Db - Found 1 rows.
2026-01-07 17:25:15,363 INFO  CricketClubDAL.Db - Executing SQL: select count(*) from ballbyball_team where match_id=60
2026-01-07 17:25:15,364 INFO  CricketClubDAL.Db - Found 1 rows.
2026-01-07 17:25:15,365 INFO  CricketClubDAL.Db - Executing SQL: select count(*) from ballbyball_team where match_id=61
2026-01-07 17:25:15,366 INFO  CricketClubDAL.Db - Found 1 rows.
2026-01-07 17:25:15,366 INFO  CricketClubDAL.Db - Executing SQL: select count(*) from ballbyball_team where match_id=62
2026-01-07 17:25:15,368 INFO  CricketClubDAL.Db - Found 1 rows.
2026-01-07 17:25:15,368 INFO  CricketClubDAL.Db - Executing SQL: select count(*) from ballbyball_team where match_id=63
2026-01-07 17:25:15,369 INFO  CricketClubDAL.Db - Found 1 rows.
2026-01-07 17:25:15,370 INFO  CricketClubDAL.Db - Executing SQL: select count(*) from ballbyball_team where match_id=64
2026-01-07 17:25:15,371 INFO  CricketClubDAL.Db - Found 1 rows.
2026-01-07 17:25:15,371 INFO  CricketClubDAL.Db - Executing SQL: select count(*) from ballbyball_team where match_id=65
2026-01-07 17:25:15,374 INFO  CricketClubDAL.Db - Found 1 rows.
2026-01-07 17:25:15,374 INFO  CricketClubDAL.Db - Executing SQL: select count(*) from ballbyball_team where match_id=66
2026-01-07 17:25:15,376 INFO  CricketClubDAL.Db - Found 1 rows.
2026-01-07 17:25:15,376 INFO  CricketClubDAL.Db - Executing SQL: select count(*) from ballbyball_team where match_id=67
2026-01-07 17:25:15,377 INFO  CricketClubDAL.Db - Found 1 rows.
2026-01-07 17:25:15,378 INFO  CricketClubDAL.Db - Executing SQL: select count(*) from ballbyball_team where match_id=68
2026-01-07 17:25:15,379 INFO  CricketClubDAL.Db - Found 1 rows.
2026-01-07 17:25:15,379 INFO  CricketClubDAL.Db - Executing SQL: select count(*) from ballbyball_team where match_id=69
2026-01-07 17:25:15,380 INFO  CricketClubDAL.Db - Found 1 rows.
2026-01-07 17:25:15,381 INFO  CricketClubDAL.Db - Executing SQL: select count(*) from ballbyball_team where match_id=70
2026-01-07 17:25:15,383 INFO  CricketClubDAL.Db - Found 1 rows.
2026-01-07 17:25:15,383 INFO  CricketClubDAL.Db - Executing SQL: select count(*) from ballbyball_team where match_id=71
2026-01-07 17:25:15,384 INFO  CricketClubDAL.Db - Found 1 rows.
2026-01-07 17:25:15,385 INFO  CricketClubDAL.Db - Executing SQL: select count(*) from ballbyball_team where match_id=72
2026-01-07 17:25:15,386 INFO  CricketClubDAL.Db - Found 1 rows.
2026-01-07 17:25:15,386 INFO  CricketClubDAL.Db - Executing SQL: select count(*) from ballbyball_team where match_id=73
2026-01-07 17:25:15,387 INFO  CricketClubDAL.Db - Found 1 rows.
2026-01-07 17:25:15,388 INFO  CricketClubDAL.Db - Executing SQL: select count(*) from ballbyball_team where match_id=74
2026-01-07 17:25:15,391 INFO  CricketClubDAL.Db - Found 1 rows.
2026-01-07 17:25:15,391 INFO  CricketClubDAL.Db - Executing SQL: select count(*) from ballbyball_team where match_id=75
2026-01-07 17:25:15,392 INFO  CricketClubDAL.Db - Found 1 rows.
2026-01-07 17:25:15,393 INFO  CricketClubDAL.Db - Executing SQL: select count(*) from ballbyball_team where match_id=76
2026-01-07 17:25:15,394 INFO  CricketClubDAL.Db - Found 1 rows.
2026-01-07 17:25:15,394 INFO  CricketClubDAL.Db - Executing SQL: select count(*) from ballbyball_team where match_id=77
2026-01-07 17:25:15,395 INFO  CricketClubDAL.Db - Found 1 rows.
2026-01-07 17:25:15,395 INFO  CricketClubDAL.Db - Executing SQL: select count(*) from ballbyball_team where match_id=78
2026-01-07 17:25:15,396 INFO  CricketClubDAL.Db - Found 1 rows.
2026-01-07 17:25:15,397 INFO  CricketClubDAL.Db - Executing SQL: select count(*) from ballbyball_team where match_id=79
2026-01-07 17:25:15,397 INFO  CricketClubDAL.Db - Found 1 rows.
2026-01-07 17:25:15,399 INFO  CricketClubDAL.Db - Executing SQL: select count(*) from ballbyball_team where match_id=80
2026-01-07 17:25:15,399 INFO  CricketClubDAL.Db - Found 1 rows.
2026-01-07 17:25:15,400 INFO  CricketClubDAL.Db - Executing SQL: select count(*) from ballbyball_team where match_id=81
2026-01-07 17:25:15,402 INFO  CricketClubDAL.Db - Found 1 rows.
2026-01-07 17:25:15,402 INFO  CricketClubDAL.Db - Executing SQL: select count(*) from ballbyball_team where match_id=82
2026-01-07 17:25:15,403 INFO  CricketClubDAL.Db - Found 1 rows.
2026-01-07 17:25:15,404 INFO  CricketClubDAL.Db - Executing SQL: select count(*) from ballbyball_team where match_id=83
2026-01-07 17:25:15,405 INFO  CricketClubDAL.Db - Found 1 rows.
2026-01-07 17:25:15,405 INFO  CricketClubDAL.Db - Executing SQL: select count(*) from ballbyball_team where match_id=84
2026-01-07 17:25:15,407 INFO  CricketClubDAL.Db - Found 1 rows.
2026-01-07 17:25:15,408 INFO  CricketClubDAL.Db - Executing SQL: select count(*) from ballbyball_team where match_id=85
2026-01-07 17:25:15,409 INFO  CricketClubDAL.Db - Found 1 rows.
2026-01-07 17:25:15,409 INFO  CricketClubDAL.Db - Executing SQL: select count(*) from ballbyball_team where match_id=86
2026-01-07 17:25:15,410 INFO  CricketClubDAL.Db - Found 1 rows.
2026-01-07 17:25:15,411 INFO  CricketClubDAL.Db - Executing SQL: select count(*) from ballbyball_team where match_id=87
2026-01-07 17:25:15,412 INFO  CricketClubDAL.Db - Found 1 rows.
2026-01-07 17:25:15,412 INFO  CricketClubDAL.Db - Executing SQL: select count(*) from ballbyball_team where match_id=88
2026-01-07 17:25:15,414 INFO  CricketClubDAL.Db - Found 1 rows.
2026-01-07 17:25:15,414 INFO  CricketClubDAL.Db - Executing SQL: select count(*) from ballbyball_team where match_id=89
2026-01-07 17:25:15,415 INFO  CricketClubDAL.Db - Found 1 rows.
2026-01-07 17:25:15,416 INFO  CricketClubDAL.Db - Executing SQL: select count(*) from ballbyball_team where match_id=90
2026-01-07 17:25:15,417 INFO  CricketClubDAL.Db - Found 1 rows.
2026-01-07 17:25:15,417 INFO  CricketClubDAL.Db - Executing SQL: select count(*) from ballbyball_team where match_id=91
2026-01-07 17:25:15,418 INFO  CricketClubDAL.Db - Found 1 rows.
2026-01-07 17:25:15,418 INFO  CricketClubDAL.Db - Executing SQL: select count(*) from ballbyball_team where match_id=92
2026-01-07 17:25:15,419 INFO  CricketClubDAL.Db - Found 1 rows.
2026-01-07 17:25:15,421 INFO  CricketClubDAL.Db - Executing SQL: select count(*) from ballbyball_team where match_id=93
2026-01-07 17:25:15,422 INFO  CricketClubDAL.Db - Found 1 rows.
2026-01-07 17:25:15,423 INFO  CricketClubDAL.Db - Executing SQL: select count(*) from ballbyball_team where match_id=94
2026-01-07 17:25:15,424 INFO  CricketClubDAL.Db - Found 1 rows.
2026-01-07 17:25:15,425 INFO  CricketClubDAL.Db - Executing SQL: select count(*) from ballbyball_team where match_id=97
2026-01-07 17:25:15,426 INFO  CricketClubDAL.Db - Found 1 rows.
2026-01-07 17:25:15,426 INFO  CricketClubDAL.Db - Executing SQL: select count(*) from ballbyball_team where match_id=99
2026-01-07 17:25:15,427 INFO  CricketClubDAL.Db - Found 1 rows.
2026-01-07 17:25:15,428 INFO  CricketClubDAL.Db - Executing SQL: select count(*) from ballbyball_team where match_id=100
2026-01-07 17:25:15,429 INFO  CricketClubDAL.Db - Found 1 rows.
2026-01-07 17:25:15,429 INFO  CricketClubDAL.Db - Executing SQL: select count(*) from ballbyball_team where match_id=101
2026-01-07 17:25:15,430 INFO  CricketClubDAL.Db - Found 1 rows.
2026-01-07 17:25:15,431 INFO  CricketClubDAL.Db - Executing SQL: select count(*) from ballbyball_team where match_id=102
2026-01-07 17:25:15,432 INFO  CricketClubDAL.Db - Found 1 rows.
2026-01-07 17:25:15,432 INFO  CricketClubDAL.Db - Executing SQL: select count(*) from ballbyball_team where match_id=103
2026-01-07 17:25:15,434 INFO  CricketClubDAL.Db - Found 1 rows.
2026-01-07 17:25:15,434 INFO  CricketClubDAL.Db - Executing SQL: select count(*) from ballbyball_team where match_id=104
2026-01-07 17:25:15,435 INFO  CricketClubDAL.Db - Found 1 rows.
2026-01-07 17:25:15,436 INFO  CricketClubDAL.Db - Executing SQL: select count(*) from ballbyball_team where match_id=105
2026-01-07 17:25:15,437 INFO  CricketClubDAL.Db - Found 1 rows.
2026-01-07 17:25:15,437 INFO  CricketClubDAL.Db - Executing SQL: select count(*) from ballbyball_team where match_id=106
2026-01-07 17:25:15,439 INFO  CricketClubDAL.Db - Found 1 rows.
2026-01-07 17:25:15,440 INFO  CricketClubDAL.Db - Executing SQL: select count(*) from ballbyball_team where match_id=107
2026-01-07 17:25:15,441 INFO  CricketClubDAL.Db - Found 1 rows.
2026-01-07 17:25:15,442 INFO  CricketClubDAL.Db - Executing SQL: select count(*) from ballbyball_team where match_id=108
2026-01-07 17:25:15,443 INFO  CricketClubDAL.Db - Found 1 rows.
2026-01-07 17:25:15,443 INFO  CricketClubDAL.Db - Executing SQL: select count(*) from ballbyball_team where match_id=109
2026-01-07 17:25:15,444 INFO  CricketClubDAL.Db - Found 1 rows.
2026-01-07 17:25:15,446 INFO  CricketClubDAL.Db - Executing SQL: select count(*) from ballbyball_team where match_id=112
2026-01-07 17:25:15,447 INFO  CricketClubDAL.Db - Found 1 rows.
2026-01-07 17:25:15,447 INFO  CricketClubDAL.Db - Executing SQL: select count(*) from ballbyball_team where match_id=113
2026-01-07 17:25:15,448 INFO  CricketClubDAL.Db - Found 1 rows.
2026-01-07 17:25:15,448 INFO  CricketClubDAL.Db - Executing SQL: select count(*) from ballbyball_team where match_id=114
2026-01-07 17:25:15,450 INFO  CricketClubDAL.Db - Found 1 rows.
2026-01-07 17:25:15,450 INFO  CricketClubDAL.Db - Executing SQL: select count(*) from ballbyball_team where match_id=115
2026-01-07 17:25:15,451 INFO  CricketClubDAL.Db - Found 1 rows.
2026-01-07 17:25:15,451 INFO  CricketClubDAL.Db - Executing SQL: select count(*) from ballbyball_team where match_id=116
2026-01-07 17:25:15,454 INFO  CricketClubDAL.Db - Found 1 rows.
2026-01-07 17:25:15,454 INFO  CricketClubDAL.Db - Executing SQL: select count(*) from ballbyball_team where match_id=117
2026-01-07 17:25:15,456 INFO  CricketClubDAL.Db - Found 1 rows.
2026-01-07 17:25:15,456 INFO  CricketClubDAL.Db - Executing SQL: select count(*) from ballbyball_team where match_id=118
2026-01-07 17:25:15,458 INFO  CricketClubDAL.Db - Found 1 rows.
2026-01-07 17:25:15,458 INFO  CricketClubDAL.Db - Executing SQL: select count(*) from ballbyball_team where match_id=120
2026-01-07 17:25:15,459 INFO  CricketClubDAL.Db - Found 1 rows.
2026-01-07 17:25:15,459 INFO  CricketClubDAL.Db - Executing SQL: select count(*) from ballbyball_team where match_id=121
2026-01-07 17:25:15,460 INFO  CricketClubDAL.Db - Found 1 rows.
2026-01-07 17:25:15,461 INFO  CricketClubDAL.Db - Executing SQL: select count(*) from ballbyball_team where match_id=122
2026-01-07 17:25:15,462 INFO  CricketClubDAL.Db - Found 1 rows.
2026-01-07 17:25:15,462 INFO  CricketClubDAL.Db - Executing SQL: select count(*) from ballbyball_team where match_id=124
2026-01-07 17:25:15,463 INFO  CricketClubDAL.Db - Found 1 rows.
2026-01-07 17:25:15,465 INFO  CricketClubDAL.Db - Executing SQL: select count(*) from ballbyball_team where match_id=125
2026-01-07 17:25:15,466 INFO  CricketClubDAL.Db - Found 1 rows.
2026-01-07 17:25:15,466 INFO  CricketClubDAL.Db - Executing SQL: select count(*) from ballbyball_team where match_id=126
2026-01-07 17:25:15,468 INFO  CricketClubDAL.Db - Found 1 rows.
2026-01-07 17:25:15,468 INFO  CricketClubDAL.Db - Executing SQL: select count(*) from ballbyball_team where match_id=127
2026-01-07 17:25:15,469 INFO  CricketClubDAL.Db - Found 1 rows.
2026-01-07 17:25:15,470 INFO  CricketClubDAL.Db - Executing SQL: select count(*) from ballbyball_team where match_id=128
2026-01-07 17:25:15,471 INFO  CricketClubDAL.Db - Found 1 rows.
2026-01-07 17:25:15,471 INFO  CricketClubDAL.Db - Executing SQL: select count(*) from ballbyball_team where match_id=129
2026-01-07 17:25:15,472 INFO  CricketClubDAL.Db - Found 1 rows.
2026-01-07 17:25:15,473 INFO  CricketClubDAL.Db - Executing SQL: select count(*) from ballbyball_team where match_id=130
2026-01-07 17:25:15,474 INFO  CricketClubDAL.Db - Found 1 rows.
2026-01-07 17:25:15,475 INFO  CricketClubDAL.Db - Executing SQL: select count(*) from ballbyball_team where match_id=131
2026-01-07 17:25:15,475 INFO  CricketClubDAL.Db - Found 1 rows.
2026-01-07 17:25:15,477 INFO  CricketClubDAL.Db - Executing SQL: select count(*) from ballbyball_team where match_id=133
2026-01-07 17:25:15,478 INFO  CricketClubDAL.Db - Found 1 rows.
2026-01-07 17:25:15,478 INFO  CricketClubDAL.Db - Executing SQL: select count(*) from ballbyball_team where match_id=134
2026-01-07 17:25:15,479 INFO  CricketClubDAL.Db - Found 1 rows.
2026-01-07 17:25:15,480 INFO  CricketClubDAL.Db - Executing SQL: select count(*) from ballbyball_team where match_id=135
2026-01-07 17:25:15,481 INFO  CricketClubDAL.Db - Found 1 rows.
2026-01-07 17:25:15,481 INFO  CricketClubDAL.Db - Executing SQL: select count(*) from ballbyball_team where match_id=136
2026-01-07 17:25:15,483 INFO  CricketClubDAL.Db - Found 1 rows.
2026-01-07 17:25:15,484 INFO  CricketClubDAL.Db - Executing SQL: select count(*) from ballbyball_team where match_id=137
2026-01-07 17:25:15,485 INFO  CricketClubDAL.Db - Found 1 rows.
2026-01-07 17:25:15,485 INFO  CricketClubDAL.Db - Executing SQL: select count(*) from ballbyball_team where match_id=138
2026-01-07 17:25:15,486 INFO  CricketClubDAL.Db - Found 1 rows.
2026-01-07 17:25:15,486 INFO  CricketClubDAL.Db - Executing SQL: select count(*) from ballbyball_team where match_id=139
2026-01-07 17:25:15,487 INFO  CricketClubDAL.Db - Found 1 rows.
2026-01-07 17:25:15,489 INFO  CricketClubDAL.Db - Executing SQL: select count(*) from ballbyball_team where match_id=140
2026-01-07 17:25:15,491 INFO  CricketClubDAL.Db - Found 1 rows.
2026-01-07 17:25:15,491 INFO  CricketClubDAL.Db - Executing SQL: select count(*) from ballbyball_team where match_id=141
2026-01-07 17:25:15,492 INFO  CricketClubDAL.Db - Found 1 rows.
2026-01-07 17:25:15,493 INFO  CricketClubDAL.Db - Executing SQL: select count(*) from ballbyball_team where match_id=142
2026-01-07 17:25:15,494 INFO  CricketClubDAL.Db - Found 1 rows.
2026-01-07 17:25:15,494 INFO  CricketClubDAL.Db - Executing SQL: select count(*) from ballbyball_team where match_id=143
2026-01-07 17:25:15,495 INFO  CricketClubDAL.Db - Found 1 rows.
2026-01-07 17:25:15,496 INFO  CricketClubDAL.Db - Executing SQL: select count(*) from ballbyball_team where match_id=144
2026-01-07 17:25:15,498 INFO  CricketClubDAL.Db - Found 1 rows.
2026-01-07 17:25:15,498 INFO  CricketClubDAL.Db - Executing SQL: select count(*) from ballbyball_team where match_id=145
2026-01-07 17:25:15,499 INFO  CricketClubDAL.Db - Found 1 rows.
2026-01-07 17:25:15,500 INFO  CricketClubDAL.Db - Executing SQL: select count(*) from ballbyball_team where match_id=146
2026-01-07 17:25:15,501 INFO  CricketClubDAL.Db - Found 1 rows.
2026-01-07 17:25:15,501 INFO  CricketClubDAL.Db - Executing SQL: select count(*) from ballbyball_team where match_id=148
2026-01-07 17:25:15,503 INFO  CricketClubDAL.Db - Found 1 rows.
2026-01-07 17:25:15,503 INFO  CricketClubDAL.Db - Executing SQL: select count(*) from ballbyball_team where match_id=149
2026-01-07 17:25:15,504 INFO  CricketClubDAL.Db - Found 1 rows.
2026-01-07 17:25:15,505 INFO  CricketClubDAL.Db - Executing SQL: select count(*) from ballbyball_team where match_id=150
2026-01-07 17:25:15,507 INFO  CricketClubDAL.Db - Found 1 rows.
2026-01-07 17:25:15,508 INFO  CricketClubDAL.Db - Executing SQL: select count(*) from ballbyball_team where match_id=151
2026-01-07 17:25:15,509 INFO  CricketClubDAL.Db - Found 1 rows.
2026-01-07 17:25:15,509 INFO  CricketClubDAL.Db - Executing SQL: select count(*) from ballbyball_team where match_id=152
2026-01-07 17:25:15,510 INFO  CricketClubDAL.Db - Found 1 rows.
2026-01-07 17:25:15,511 INFO  CricketClubDAL.Db - Executing SQL: select count(*) from ballbyball_team where match_id=153
2026-01-07 17:25:15,512 INFO  CricketClubDAL.Db - Found 1 rows.
2026-01-07 17:25:15,513 INFO  CricketClubDAL.Db - Executing SQL: select count(*) from ballbyball_team where match_id=154
2026-01-07 17:25:15,515 INFO  CricketClubDAL.Db - Found 1 rows.
2026-01-07 17:25:15,515 INFO  CricketClubDAL.Db - Executing SQL: select count(*) from ballbyball_team where match_id=155
2026-01-07 17:25:15,516 INFO  CricketClubDAL.Db - Found 1 rows.
2026-01-07 17:25:15,517 INFO  CricketClubDAL.Db - Executing SQL: select count(*) from ballbyball_team where match_id=156
2026-01-07 17:25:15,518 INFO  CricketClubDAL.Db - Found 1 rows.
2026-01-07 17:25:15,518 INFO  CricketClubDAL.Db - Executing SQL: select count(*) from ballbyball_team where match_id=157
2026-01-07 17:25:15,519 INFO  CricketClubDAL.Db - Found 1 rows.
2026-01-07 17:25:15,520 INFO  CricketClubDAL.Db - Executing SQL: select count(*) from ballbyball_team where match_id=158
2026-01-07 17:25:15,522 INFO  CricketClubDAL.Db - Found 1 rows.
2026-01-07 17:25:15,522 INFO  CricketClubDAL.Db - Executing SQL: select count(*) from ballbyball_team where match_id=159
2026-01-07 17:25:15,525 INFO  CricketClubDAL.Db - Found 1 rows.
2026-01-07 17:25:15,525 INFO  CricketClubDAL.Db - Executing SQL: select count(*) from ballbyball_team where match_id=160
2026-01-07 17:25:15,526 INFO  CricketClubDAL.Db - Found 1 rows.
2026-01-07 17:25:15,527 INFO  CricketClubDAL.Db - Executing SQL: select count(*) from ballbyball_team where match_id=161
2026-01-07 17:25:15,528 INFO  CricketClubDAL.Db - Found 1 rows.
2026-01-07 17:25:15,528 INFO  CricketClubDAL.Db - Executing SQL: select count(*) from ballbyball_team where match_id=162
2026-01-07 17:25:15,530 INFO  CricketClubDAL.Db - Found 1 rows.
2026-01-07 17:25:15,530 INFO  CricketClubDAL.Db - Executing SQL: select count(*) from ballbyball_team where match_id=163
2026-01-07 17:25:15,531 INFO  CricketClubDAL.Db - Found 1 rows.
2026-01-07 17:25:15,532 INFO  CricketClubDAL.Db - Executing SQL: select count(*) from ballbyball_team where match_id=164
2026-01-07 17:25:15,533 INFO  CricketClubDAL.Db - Found 1 rows.
2026-01-07 17:25:15,533 INFO  CricketClubDAL.Db - Executing SQL: select count(*) from ballbyball_team where match_id=165
2026-01-07 17:25:15,534 INFO  CricketClubDAL.Db - Found 1 rows.
2026-01-07 17:25:15,535 INFO  CricketClubDAL.Db - Executing SQL: select count(*) from ballbyball_team where match_id=166
2026-01-07 17:25:15,536 INFO  CricketClubDAL.Db - Found 1 rows.
2026-01-07 17:25:15,536 INFO  CricketClubDAL.Db - Executing SQL: select count(*) from ballbyball_team where match_id=167
2026-01-07 17:25:15,538 INFO  CricketClubDAL.Db - Found 1 rows.
2026-01-07 17:25:15,538 INFO  CricketClubDAL.Db - Executing SQL: select count(*) from ballbyball_team where match_id=168
2026-01-07 17:25:15,539 INFO  CricketClubDAL.Db - Found 1 rows.
2026-01-07 17:25:15,540 INFO  CricketClubDAL.Db - Executing SQL: select count(*) from ballbyball_team where match_id=169
2026-01-07 17:25:15,541 INFO  CricketClubDAL.Db - Found 1 rows.
2026-01-07 17:25:15,541 INFO  CricketClubDAL.Db - Executing SQL: select count(*) from ballbyball_team where match_id=170
2026-01-07 17:25:15,542 INFO  CricketClubDAL.Db - Found 1 rows.
2026-01-07 17:25:15,543 INFO  CricketClubDAL.Db - Executing SQL: select count(*) from ballbyball_team where match_id=171
2026-01-07 17:25:15,545 INFO  CricketClubDAL.Db - Found 1 rows.
2026-01-07 17:25:15,545 INFO  CricketClubDAL.Db - Executing SQL: select count(*) from ballbyball_team where match_id=172
2026-01-07 17:25:15,547 INFO  CricketClubDAL.Db - Found 1 rows.
2026-01-07 17:25:15,547 INFO  CricketClubDAL.Db - Executing SQL: select count(*) from ballbyball_team where match_id=173
2026-01-07 17:25:15,549 INFO  CricketClubDAL.Db - Found 1 rows.
2026-01-07 17:25:15,549 INFO  CricketClubDAL.Db - Executing SQL: select count(*) from ballbyball_team where match_id=174
2026-01-07 17:25:15,550 INFO  CricketClubDAL.Db - Found 1 rows.
2026-01-07 17:25:15,551 INFO  CricketClubDAL.Db - Executing SQL: select count(*) from ballbyball_team where match_id=175
2026-01-07 17:25:15,552 INFO  CricketClubDAL.Db - Found 1 rows.
2026-01-07 17:25:15,552 INFO  CricketClubDAL.Db - Executing SQL: select count(*) from ballbyball_team where match_id=176
2026-01-07 17:25:15,553 INFO  CricketClubDAL.Db - Found 1 rows.
2026-01-07 17:25:15,554 INFO  CricketClubDAL.Db - Executing SQL: select count(*) from ballbyball_team where match_id=177
2026-01-07 17:25:15,555 INFO  CricketClubDAL.Db - Found 1 rows.
2026-01-07 17:25:15,555 INFO  CricketClubDAL.Db - Executing SQL: select count(*) from ballbyball_team where match_id=178
2026-01-07 17:25:15,557 INFO  CricketClubDAL.Db - Found 1 rows.
2026-01-07 17:25:15,557 INFO  CricketClubDAL.Db - Executing SQL: select count(*) from ballbyball_team where match_id=179
2026-01-07 17:25:15,558 INFO  CricketClubDAL.Db - Found 1 rows.
2026-01-07 17:25:15,559 INFO  CricketClubDAL.Db - Executing SQL: select count(*) from ballbyball_team where match_id=180
2026-01-07 17:25:15,560 INFO  CricketClubDAL.Db - Found 1 rows.
2026-01-07 17:25:15,560 INFO  CricketClubDAL.Db - Executing SQL: select count(*) from ballbyball_team where match_id=181
2026-01-07 17:25:15,562 INFO  CricketClubDAL.Db - Found 1 rows.
2026-01-07 17:25:15,562 INFO  CricketClubDAL.Db - Executing SQL: select count(*) from ballbyball_team where match_id=182
2026-01-07 17:25:15,563 INFO  CricketClubDAL.Db - Found 1 rows.
2026-01-07 17:25:15,564 INFO  CricketClubDAL.Db - Executing SQL: select count(*) from ballbyball_team where match_id=183
2026-01-07 17:25:15,566 INFO  CricketClubDAL.Db - Found 1 rows.
2026-01-07 17:25:15,566 INFO  CricketClubDAL.Db - Executing SQL: select count(*) from ballbyball_team where match_id=184
2026-01-07 17:25:15,567 INFO  CricketClubDAL.Db - Found 1 rows.
2026-01-07 17:25:15,568 INFO  CricketClubDAL.Db - Executing SQL: select count(*) from ballbyball_team where match_id=185
2026-01-07 17:25:15,569 INFO  CricketClubDAL.Db - Found 1 rows.
2026-01-07 17:25:15,569 INFO  CricketClubDAL.Db - Executing SQL: select count(*) from ballbyball_team where match_id=186
2026-01-07 17:25:15,570 INFO  CricketClubDAL.Db - Found 1 rows.
2026-01-07 17:25:15,570 INFO  CricketClubDAL.Db - Executing SQL: select count(*) from ballbyball_team where match_id=187
2026-01-07 17:25:15,572 INFO  CricketClubDAL.Db - Found 1 rows.
2026-01-07 17:25:15,572 INFO  CricketClubDAL.Db - Executing SQL: select count(*) from ballbyball_team where match_id=188
2026-01-07 17:25:15,574 INFO  CricketClubDAL.Db - Found 1 rows.
2026-01-07 17:25:15,574 INFO  CricketClubDAL.Db - Executing SQL: select count(*) from ballbyball_team where match_id=189
2026-01-07 17:25:15,576 INFO  CricketClubDAL.Db - Found 1 rows.
2026-01-07 17:25:15,576 INFO  CricketClubDAL.Db - Executing SQL: select count(*) from ballbyball_team where match_id=190
2026-01-07 17:25:15,577 INFO  CricketClubDAL.Db - Found 1 rows.
2026-01-07 17:25:15,578 INFO  CricketClubDAL.Db - Executing SQL: select count(*) from ballbyball_team where match_id=191
2026-01-07 17:25:15,579 INFO  CricketClubDAL.Db - Found 1 rows.
2026-01-07 17:25:15,579 INFO  CricketClubDAL.Db - Executing SQL: select count(*) from ballbyball_team where match_id=192
2026-01-07 17:25:15,581 INFO  CricketClubDAL.Db - Found 1 rows.
2026-01-07 17:25:15,581 INFO  CricketClubDAL.Db - Executing SQL: select count(*) from ballbyball_team where match_id=193
2026-01-07 17:25:15,582 INFO  CricketClubDAL.Db - Found 1 rows.
2026-01-07 17:25:15,582 INFO  CricketClubDAL.Db - Executing SQL: select count(*) from ballbyball_team where match_id=194
2026-01-07 17:25:15,584 INFO  CricketClubDAL.Db - Found 1 rows.
2026-01-07 17:25:15,585 INFO  CricketClubDAL.Db - Executing SQL: select count(*) from ballbyball_team where match_id=195
2026-01-07 17:25:15,585 INFO  CricketClubDAL.Db - Found 1 rows.
2026-01-07 17:25:15,586 INFO  CricketClubDAL.Db - Executing SQL: select count(*) from ballbyball_team where match_id=196
2026-01-07 17:25:15,587 INFO  CricketClubDAL.Db - Found 1 rows.
2026-01-07 17:25:15,587 INFO  CricketClubDAL.Db - Executing SQL: select count(*) from ballbyball_team where match_id=197
2026-01-07 17:25:15,588 INFO  CricketClubDAL.Db - Found 1 rows.
2026-01-07 17:25:15,589 INFO  CricketClubDAL.Db - Executing SQL: select count(*) from ballbyball_team where match_id=198
2026-01-07 17:25:15,590 INFO  CricketClubDAL.Db - Found 1 rows.
2026-01-07 17:25:15,591 INFO  CricketClubDAL.Db - Executing SQL: select count(*) from ballbyball_team where match_id=199
2026-01-07 17:25:15,593 INFO  CricketClubDAL.Db - Found 1 rows.
2026-01-07 17:25:15,593 INFO  CricketClubDAL.Db - Executing SQL: select count(*) from ballbyball_team where match_id=200
2026-01-07 17:25:15,594 INFO  CricketClubDAL.Db - Found 1 rows.
2026-01-07 17:25:15,594 INFO  CricketClubDAL.Db - Executing SQL: select count(*) from ballbyball_team where match_id=201
2026-01-07 17:25:15,595 INFO  CricketClubDAL.Db - Found 1 rows.
2026-01-07 17:25:15,595 INFO  CricketClubDAL.Db - Executing SQL: select count(*) from ballbyball_team where match_id=202
2026-01-07 17:25:15,596 INFO  CricketClubDAL.Db - Found 1 rows.
2026-01-07 17:25:15,598 INFO  CricketClubDAL.Db - Executing SQL: select count(*) from ballbyball_team where match_id=203
2026-01-07 17:25:15,599 INFO  CricketClubDAL.Db - Found 1 rows.
2026-01-07 17:25:15,599 INFO  CricketClubDAL.Db - Executing SQL: select count(*) from ballbyball_team where match_id=204
2026-01-07 17:25:15,600 INFO  CricketClubDAL.Db - Found 1 rows.
2026-01-07 17:25:15,601 INFO  CricketClubDAL.Db - Executing SQL: select count(*) from ballbyball_team where match_id=205
2026-01-07 17:25:15,602 INFO  CricketClubDAL.Db - Found 1 rows.
2026-01-07 17:25:15,602 INFO  CricketClubDAL.Db - Executing SQL: select count(*) from ballbyball_team where match_id=206
2026-01-07 17:25:15,603 INFO  CricketClubDAL.Db - Found 1 rows.
2026-01-07 17:25:15,603 INFO  CricketClubDAL.Db - Executing SQL: select count(*) from ballbyball_team where match_id=207
2026-01-07 17:25:15,604 INFO  CricketClubDAL.Db - Found 1 rows.
2026-01-07 17:25:15,604 INFO  CricketClubDAL.Db - Executing SQL: select count(*) from ballbyball_team where match_id=208
2026-01-07 17:25:15,605 INFO  CricketClubDAL.Db - Found 1 rows.
2026-01-07 17:25:15,606 INFO  CricketClubDAL.Db - Executing SQL: select count(*) from ballbyball_team where match_id=209
2026-01-07 17:25:15,608 INFO  CricketClubDAL.Db - Found 1 rows.
2026-01-07 17:25:15,609 INFO  CricketClubDAL.Db - Executing SQL: select count(*) from ballbyball_team where match_id=210
2026-01-07 17:25:15,611 INFO  CricketClubDAL.Db - Found 1 rows.
2026-01-07 17:25:15,611 INFO  CricketClubDAL.Db - Executing SQL: select count(*) from ballbyball_team where match_id=211
2026-01-07 17:25:15,612 INFO  CricketClubDAL.Db - Found 1 rows.
2026-01-07 17:25:15,613 INFO  CricketClubDAL.Db - Executing SQL: select count(*) from ballbyball_team where match_id=212
2026-01-07 17:25:15,613 INFO  CricketClubDAL.Db - Found 1 rows.
2026-01-07 17:25:15,614 INFO  CricketClubDAL.Db - Executing SQL: select count(*) from ballbyball_team where match_id=213
2026-01-07 17:25:15,614 INFO  CricketClubDAL.Db - Found 1 rows.
2026-01-07 17:25:15,616 INFO  CricketClubDAL.Db - Executing SQL: select count(*) from ballbyball_team where match_id=214
2026-01-07 17:25:15,616 INFO  CricketClubDAL.Db - Found 1 rows.
2026-01-07 17:25:15,617 INFO  CricketClubDAL.Db - Executing SQL: select count(*) from ballbyball_team where match_id=215
2026-01-07 17:25:15,618 INFO  CricketClubDAL.Db - Found 1 rows.
2026-01-07 17:25:15,618 INFO  CricketClubDAL.Db - Executing SQL: select count(*) from ballbyball_team where match_id=216
2026-01-07 17:25:15,619 INFO  CricketClubDAL.Db - Found 1 rows.
2026-01-07 17:25:15,620 INFO  CricketClubDAL.Db - Executing SQL: select count(*) from ballbyball_team where match_id=217
2026-01-07 17:25:15,621 INFO  CricketClubDAL.Db - Found 1 rows.
2026-01-07 17:25:15,621 INFO  CricketClubDAL.Db - Executing SQL: select count(*) from ballbyball_team where match_id=218
2026-01-07 17:25:15,624 INFO  CricketClubDAL.Db - Found 1 rows.
2026-01-07 17:25:15,624 INFO  CricketClubDAL.Db - Executing SQL: select count(*) from ballbyball_team where match_id=219
2026-01-07 17:25:15,626 INFO  CricketClubDAL.Db - Found 1 rows.
2026-01-07 17:25:15,627 INFO  CricketClubDAL.Db - Executing SQL: select count(*) from ballbyball_team where match_id=220
2026-01-07 17:25:15,628 INFO  CricketClubDAL.Db - Found 1 rows.
2026-01-07 17:25:15,628 INFO  CricketClubDAL.Db - Executing SQL: select count(*) from ballbyball_team where match_id=221
2026-01-07 17:25:15,629 INFO  CricketClubDAL.Db - Found 1 rows.
2026-01-07 17:25:15,630 INFO  CricketClubDAL.Db - Executing SQL: select count(*) from ballbyball_team where match_id=222
2026-01-07 17:25:15,631 INFO  CricketClubDAL.Db - Found 1 rows.
2026-01-07 17:25:15,631 INFO  CricketClubDAL.Db - Executing SQL: select count(*) from ballbyball_team where match_id=223
2026-01-07 17:25:15,632 INFO  CricketClubDAL.Db - Found 1 rows.
2026-01-07 17:25:15,633 INFO  CricketClubDAL.Db - Executing SQL: select count(*) from ballbyball_team where match_id=224
2026-01-07 17:25:15,634 INFO  CricketClubDAL.Db - Found 1 rows.
2026-01-07 17:25:15,634 INFO  CricketClubDAL.Db - Executing SQL: select count(*) from ballbyball_team where match_id=225
2026-01-07 17:25:15,635 INFO  CricketClubDAL.Db - Found 1 rows.
2026-01-07 17:25:15,637 INFO  CricketClubDAL.Db - Executing SQL: select count(*) from ballbyball_team where match_id=226
2026-01-07 17:25:15,638 INFO  CricketClubDAL.Db - Found 1 rows.
2026-01-07 17:25:15,638 INFO  CricketClubDAL.Db - Executing SQL: select count(*) from ballbyball_team where match_id=227
2026-01-07 17:25:15,640 INFO  CricketClubDAL.Db - Found 1 rows.
2026-01-07 17:25:15,642 INFO  CricketClubDAL.Db - Executing SQL: select count(*) from ballbyball_team where match_id=228
2026-01-07 17:25:15,643 INFO  CricketClubDAL.Db - Found 1 rows.
2026-01-07 17:25:15,643 INFO  CricketClubDAL.Db - Executing SQL: select count(*) from ballbyball_team where match_id=229
2026-01-07 17:25:15,644 INFO  CricketClubDAL.Db - Found 1 rows.
2026-01-07 17:25:15,645 INFO  CricketClubDAL.Db - Executing SQL: select count(*) from ballbyball_team where match_id=230
2026-01-07 17:25:15,646 INFO  CricketClubDAL.Db - Found 1 rows.
2026-01-07 17:25:15,646 INFO  CricketClubDAL.Db - Executing SQL: select count(*) from ballbyball_team where match_id=231
2026-01-07 17:25:15,647 INFO  CricketClubDAL.Db - Found 1 rows.
2026-01-07 17:25:15,648 INFO  CricketClubDAL.Db - Executing SQL: select count(*) from ballbyball_team where match_id=232
2026-01-07 17:25:15,650 INFO  CricketClubDAL.Db - Found 1 rows.
2026-01-07 17:25:15,650 INFO  CricketClubDAL.Db - Executing SQL: select count(*) from ballbyball_team where match_id=233
2026-01-07 17:25:15,651 INFO  CricketClubDAL.Db - Found 1 rows.
2026-01-07 17:25:15,652 INFO  CricketClubDAL.Db - Executing SQL: select count(*) from ballbyball_team where match_id=234
2026-01-07 17:25:15,653 INFO  CricketClubDAL.Db - Found 1 rows.
2026-01-07 17:25:15,654 INFO  CricketClubDAL.Db - Executing SQL: select count(*) from ballbyball_team where match_id=235
2026-01-07 17:25:15,655 INFO  CricketClubDAL.Db - Found 1 rows.
2026-01-07 17:25:15,655 INFO  CricketClubDAL.Db - Executing SQL: select count(*) from ballbyball_team where match_id=236
2026-01-07 17:25:15,657 INFO  CricketClubDAL.Db - Found 1 rows.
2026-01-07 17:25:15,658 INFO  CricketClubDAL.Db - Executing SQL: select count(*) from ballbyball_team where match_id=237
2026-01-07 17:25:15,659 INFO  CricketClubDAL.Db - Found 1 rows.
2026-01-07 17:25:15,659 INFO  CricketClubDAL.Db - Executing SQL: select count(*) from ballbyball_team where match_id=238
2026-01-07 17:25:15,660 INFO  CricketClubDAL.Db - Found 1 rows.
2026-01-07 17:25:15,662 INFO  CricketClubDAL.Db - Executing SQL: select count(*) from ballbyball_team where match_id=239
2026-01-07 17:25:15,663 INFO  CricketClubDAL.Db - Found 1 rows.
2026-01-07 17:25:15,663 INFO  CricketClubDAL.Db - Executing SQL: select count(*) from ballbyball_team where match_id=240
2026-01-07 17:25:15,664 INFO  CricketClubDAL.Db - Found 1 rows.
2026-01-07 17:25:15,665 INFO  CricketClubDAL.Db - Executing SQL: select count(*) from ballbyball_team where match_id=241
2026-01-07 17:25:15,666 INFO  CricketClubDAL.Db - Found 1 rows.
2026-01-07 17:25:15,667 INFO  CricketClubDAL.Db - Executing SQL: select count(*) from ballbyball_team where match_id=242
2026-01-07 17:25:15,668 INFO  CricketClubDAL.Db - Found 1 rows.
2026-01-07 17:25:15,668 INFO  CricketClubDAL.Db - Executing SQL: select count(*) from ballbyball_team where match_id=243
2026-01-07 17:25:15,669 INFO  CricketClubDAL.Db - Found 1 rows.
2026-01-07 17:25:15,669 INFO  CricketClubDAL.Db - Executing SQL: select count(*) from ballbyball_team where match_id=244
2026-01-07 17:25:15,670 INFO  CricketClubDAL.Db - Found 1 rows.
2026-01-07 17:25:15,672 INFO  CricketClubDAL.Db - Executing SQL: select count(*) from ballbyball_team where match_id=245
2026-01-07 17:25:15,673 INFO  CricketClubDAL.Db - Found 1 rows.
2026-01-07 17:25:15,674 INFO  CricketClubDAL.Db - Executing SQL: select count(*) from ballbyball_team where match_id=246
2026-01-07 17:25:15,674 INFO  CricketClubDAL.Db - Found 1 rows.
2026-01-07 17:25:15,676 INFO  CricketClubDAL.Db - Executing SQL: select count(*) from ballbyball_team where match_id=247
2026-01-07 17:25:15,677 INFO  CricketClubDAL.Db - Found 1 rows.
2026-01-07 17:25:15,677 INFO  CricketClubDAL.Db - Executing SQL: select count(*) from ballbyball_team where match_id=248
2026-01-07 17:25:15,678 INFO  CricketClubDAL.Db - Found 1 rows.
2026-01-07 17:25:15,679 INFO  CricketClubDAL.Db - Executing SQL: select count(*) from ballbyball_team where match_id=249
2026-01-07 17:25:15,680 INFO  CricketClubDAL.Db - Found 1 rows.
2026-01-07 17:25:15,680 INFO  CricketClubDAL.Db - Executing SQL: select count(*) from ballbyball_team where match_id=250
2026-01-07 17:25:15,681 INFO  CricketClubDAL.Db - Found 1 rows.
2026-01-07 17:25:15,682 INFO  CricketClubDAL.Db - Executing SQL: select count(*) from ballbyball_team where match_id=251
2026-01-07 17:25:15,683 INFO  CricketClubDAL.Db - Found 1 rows.
2026-01-07 17:25:15,683 INFO  CricketClubDAL.Db - Executing SQL: select count(*) from ballbyball_team where match_id=252
2026-01-07 17:25:15,684 INFO  CricketClubDAL.Db - Found 1 rows.
2026-01-07 17:25:15,684 INFO  CricketClubDAL.Db - Executing SQL: select count(*) from ballbyball_team where match_id=253
2026-01-07 17:25:15,686 INFO  CricketClubDAL.Db - Found 1 rows.
2026-01-07 17:25:15,687 INFO  CricketClubDAL.Db - Executing SQL: select count(*) from ballbyball_team where match_id=254
2026-01-07 17:25:15,688 INFO  CricketClubDAL.Db - Found 1 rows.
2026-01-07 17:25:15,688 INFO  CricketClubDAL.Db - Executing SQL: select count(*) from ballbyball_team where match_id=255
2026-01-07 17:25:15,690 INFO  CricketClubDAL.Db - Found 1 rows.
2026-01-07 17:25:15,691 INFO  CricketClubDAL.Db - Executing SQL: select count(*) from ballbyball_team where match_id=256
2026-01-07 17:25:15,693 INFO  CricketClubDAL.Db - Found 1 rows.
2026-01-07 17:25:15,693 INFO  CricketClubDAL.Db - Executing SQL: select count(*) from ballbyball_team where match_id=257
2026-01-07 17:25:15,694 INFO  CricketClubDAL.Db - Found 1 rows.
2026-01-07 17:25:15,694 INFO  CricketClubDAL.Db - Executing SQL: select count(*) from ballbyball_team where match_id=258
2026-01-07 17:25:15,695 INFO  CricketClubDAL.Db - Found 1 rows.
2026-01-07 17:25:15,696 INFO  CricketClubDAL.Db - Executing SQL: select count(*) from ballbyball_team where match_id=259
2026-01-07 17:25:15,697 INFO  CricketClubDAL.Db - Found 1 rows.
2026-01-07 17:25:15,697 INFO  CricketClubDAL.Db - Executing SQL: select count(*) from ballbyball_team where match_id=260
2026-01-07 17:25:15,698 INFO  CricketClubDAL.Db - Found 1 rows.
2026-01-07 17:25:15,699 INFO  CricketClubDAL.Db - Executing SQL: select count(*) from ballbyball_team where match_id=261
2026-01-07 17:25:15,700 INFO  CricketClubDAL.Db - Found 1 rows.
2026-01-07 17:25:15,700 INFO  CricketClubDAL.Db - Executing SQL: select count(*) from ballbyball_team where match_id=262
2026-01-07 17:25:15,701 INFO  CricketClubDAL.Db - Found 1 rows.
2026-01-07 17:25:15,701 INFO  CricketClubDAL.Db - Executing SQL: select count(*) from ballbyball_team where match_id=263
2026-01-07 17:25:15,702 INFO  CricketClubDAL.Db - Found 1 rows.
2026-01-07 17:25:15,703 INFO  CricketClubDAL.Db - Executing SQL: select count(*) from ballbyball_team where match_id=264
2026-01-07 17:25:15,704 INFO  CricketClubDAL.Db - Found 1 rows.
2026-01-07 17:25:15,704 INFO  CricketClubDAL.Db - Executing SQL: select count(*) from ballbyball_team where match_id=265
2026-01-07 17:25:15,707 INFO  CricketClubDAL.Db - Found 1 rows.
2026-01-07 17:25:15,708 INFO  CricketClubDAL.Db - Executing SQL: select count(*) from ballbyball_team where match_id=266
2026-01-07 17:25:15,709 INFO  CricketClubDAL.Db - Found 1 rows.
2026-01-07 17:25:15,709 INFO  CricketClubDAL.Db - Executing SQL: select count(*) from ballbyball_team where match_id=267
2026-01-07 17:25:15,710 INFO  CricketClubDAL.Db - Found 1 rows.
2026-01-07 17:25:15,710 INFO  CricketClubDAL.Db - Executing SQL: select count(*) from ballbyball_team where match_id=268
2026-01-07 17:25:15,711 INFO  CricketClubDAL.Db - Found 1 rows.
2026-01-07 17:25:15,711 INFO  CricketClubDAL.Db - Executing SQL: select count(*) from ballbyball_team where match_id=269
2026-01-07 17:25:15,714 INFO  CricketClubDAL.Db - Found 1 rows.
2026-01-07 17:25:15,714 INFO  CricketClubDAL.Db - Executing SQL: select count(*) from ballbyball_team where match_id=270
2026-01-07 17:25:15,715 INFO  CricketClubDAL.Db - Found 1 rows.
2026-01-07 17:25:15,715 INFO  CricketClubDAL.Db - Executing SQL: select count(*) from ballbyball_team where match_id=271
2026-01-07 17:25:15,716 INFO  CricketClubDAL.Db - Found 1 rows.
2026-01-07 17:25:15,716 INFO  CricketClubDAL.Db - Executing SQL: select count(*) from ballbyball_team where match_id=272
2026-01-07 17:25:15,718 INFO  CricketClubDAL.Db - Found 1 rows.
2026-01-07 17:25:15,718 INFO  CricketClubDAL.Db - Executing SQL: select count(*) from ballbyball_team where match_id=274
2026-01-07 17:25:15,720 INFO  CricketClubDAL.Db - Found 1 rows.
2026-01-07 17:25:15,720 INFO  CricketClubDAL.Db - Executing SQL: select count(*) from ballbyball_team where match_id=275
2026-01-07 17:25:15,721 INFO  CricketClubDAL.Db - Found 1 rows.
2026-01-07 17:25:15,721 INFO  CricketClubDAL.Db - Executing SQL: select count(*) from ballbyball_team where match_id=276
2026-01-07 17:25:15,722 INFO  CricketClubDAL.Db - Found 1 rows.
2026-01-07 17:25:15,722 INFO  CricketClubDAL.Db - Executing SQL: select count(*) from ballbyball_team where match_id=277
2026-01-07 17:25:15,725 INFO  CricketClubDAL.Db - Found 1 rows.
2026-01-07 17:25:15,725 INFO  CricketClubDAL.Db - Executing SQL: select count(*) from ballbyball_team where match_id=278
2026-01-07 17:25:15,726 INFO  CricketClubDAL.Db - Found 1 rows.
2026-01-07 17:25:15,727 INFO  CricketClubDAL.Db - Executing SQL: select count(*) from ballbyball_team where match_id=279
2026-01-07 17:25:15,728 INFO  CricketClubDAL.Db - Found 1 rows.
2026-01-07 17:25:15,728 INFO  CricketClubDAL.Db - Executing SQL: select count(*) from ballbyball_team where match_id=280
2026-01-07 17:25:15,729 INFO  CricketClubDAL.Db - Found 1 rows.
2026-01-07 17:25:15,730 INFO  CricketClubDAL.Db - Executing SQL: select count(*) from ballbyball_team where match_id=281
2026-01-07 17:25:15,731 INFO  CricketClubDAL.Db - Found 1 rows.
2026-01-07 17:25:15,731 INFO  CricketClubDAL.Db - Executing SQL: select count(*) from ballbyball_team where match_id=282
2026-01-07 17:25:15,733 INFO  CricketClubDAL.Db - Found 1 rows.
2026-01-07 17:25:15,734 INFO  CricketClubDAL.Db - Executing SQL: select count(*) from ballbyball_team where match_id=283
2026-01-07 17:25:15,735 INFO  CricketClubDAL.Db - Found 1 rows.
2026-01-07 17:25:15,735 INFO  CricketClubDAL.Db - Executing SQL: select count(*) from ballbyball_team where match_id=284
2026-01-07 17:25:15,736 INFO  CricketClubDAL.Db - Found 1 rows.
2026-01-07 17:25:15,737 INFO  CricketClubDAL.Db - Executing SQL: select count(*) from ballbyball_team where match_id=285
2026-01-07 17:25:15,738 INFO  CricketClubDAL.Db - Found 1 rows.
2026-01-07 17:25:15,738 INFO  CricketClubDAL.Db - Executing SQL: select count(*) from ballbyball_team where match_id=286
2026-01-07 17:25:15,740 INFO  CricketClubDAL.Db - Found 1 rows.
2026-01-07 17:25:15,740 INFO  CricketClubDAL.Db - Executing SQL: select count(*) from ballbyball_team where match_id=287
2026-01-07 17:25:15,742 INFO  CricketClubDAL.Db - Found 1 rows.
2026-01-07 17:25:15,742 INFO  CricketClubDAL.Db - Executing SQL: select count(*) from ballbyball_team where match_id=288
2026-01-07 17:25:15,744 INFO  CricketClubDAL.Db - Found 1 rows.
2026-01-07 17:25:15,744 INFO  CricketClubDAL.Db - Executing SQL: select count(*) from ballbyball_team where match_id=289
2026-01-07 17:25:15,745 INFO  CricketClubDAL.Db - Found 1 rows.
2026-01-07 17:25:15,745 INFO  CricketClubDAL.Db - Executing SQL: select count(*) from ballbyball_team where match_id=290
2026-01-07 17:25:15,746 INFO  CricketClubDAL.Db - Found 1 rows.
2026-01-07 17:25:15,747 INFO  CricketClubDAL.Db - Executing SQL: select count(*) from ballbyball_team where match_id=291
2026-01-07 17:25:15,748 INFO  CricketClubDAL.Db - Found 1 rows.
2026-01-07 17:25:15,748 INFO  CricketClubDAL.Db - Executing SQL: select count(*) from ballbyball_team where match_id=292
2026-01-07 17:25:15,749 INFO  CricketClubDAL.Db - Found 1 rows.
2026-01-07 17:25:15,750 INFO  CricketClubDAL.Db - Executing SQL: select count(*) from ballbyball_team where match_id=293
2026-01-07 17:25:15,751 INFO  CricketClubDAL.Db - Found 1 rows.
2026-01-07 17:25:15,751 INFO  CricketClubDAL.Db - Executing SQL: select count(*) from ballbyball_team where match_id=294
2026-01-07 17:25:15,752 INFO  CricketClubDAL.Db - Found 1 rows.
2026-01-07 17:25:15,754 INFO  CricketClubDAL.Db - Executing SQL: select count(*) from ballbyball_team where match_id=295
2026-01-07 17:25:15,755 INFO  CricketClubDAL.Db - Found 1 rows.
2026-01-07 17:25:15,755 INFO  CricketClubDAL.Db - Executing SQL: select count(*) from ballbyball_team where match_id=296
2026-01-07 17:25:15,757 INFO  CricketClubDAL.Db - Found 1 rows.
2026-01-07 17:25:15,757 INFO  CricketClubDAL.Db - Executing SQL: select count(*) from ballbyball_team where match_id=297
2026-01-07 17:25:15,759 INFO  CricketClubDAL.Db - Found 1 rows.
2026-01-07 17:25:15,759 INFO  CricketClubDAL.Db - Executing SQL: select count(*) from ballbyball_team where match_id=298
2026-01-07 17:25:15,760 INFO  CricketClubDAL.Db - Found 1 rows.
2026-01-07 17:25:15,761 INFO  CricketClubDAL.Db - Executing SQL: select count(*) from ballbyball_team where match_id=299
2026-01-07 17:25:15,762 INFO  CricketClubDAL.Db - Found 1 rows.
2026-01-07 17:25:15,762 INFO  CricketClubDAL.Db - Executing SQL: select count(*) from ballbyball_team where match_id=300
2026-01-07 17:25:15,763 INFO  CricketClubDAL.Db - Found 1 rows.
2026-01-07 17:25:15,763 INFO  CricketClubDAL.Db - Executing SQL: select count(*) from ballbyball_team where match_id=301
2026-01-07 17:25:15,765 INFO  CricketClubDAL.Db - Found 1 rows.
2026-01-07 17:25:15,766 INFO  CricketClubDAL.Db - Executing SQL: select count(*) from ballbyball_team where match_id=302
2026-01-07 17:25:15,767 INFO  CricketClubDAL.Db - Found 1 rows.
2026-01-07 17:25:15,767 INFO  CricketClubDAL.Db - Executing SQL: select count(*) from ballbyball_team where match_id=303
2026-01-07 17:25:15,768 INFO  CricketClubDAL.Db - Found 1 rows.
2026-01-07 17:25:15,769 INFO  CricketClubDAL.Db - Executing SQL: select count(*) from ballbyball_team where match_id=304
2026-01-07 17:25:15,770 INFO  CricketClubDAL.Db - Found 1 rows.
2026-01-07 17:25:15,770 INFO  CricketClubDAL.Db - Executing SQL: select count(*) from ballbyball_team where match_id=305
2026-01-07 17:25:15,771 INFO  CricketClubDAL.Db - Found 1 rows.
2026-01-07 17:25:15,771 INFO  CricketClubDAL.Db - Executing SQL: select count(*) from ballbyball_team where match_id=306
2026-01-07 17:25:15,772 INFO  CricketClubDAL.Db - Found 1 rows.
2026-01-07 17:25:15,773 INFO  CricketClubDAL.Db - Executing SQL: select count(*) from ballbyball_team where match_id=307
2026-01-07 17:25:15,775 INFO  CricketClubDAL.Db - Found 1 rows.
2026-01-07 17:25:15,776 INFO  CricketClubDAL.Db - Executing SQL: select count(*) from ballbyball_team where match_id=308
2026-01-07 17:25:15,777 INFO  CricketClubDAL.Db - Found 1 rows.
2026-01-07 17:25:15,777 INFO  CricketClubDAL.Db - Executing SQL: select count(*) from ballbyball_team where match_id=309
2026-01-07 17:25:15,778 INFO  CricketClubDAL.Db - Found 1 rows.
2026-01-07 17:25:15,779 INFO  CricketClubDAL.Db - Executing SQL: select count(*) from ballbyball_team where match_id=310
2026-01-07 17:25:15,780 INFO  CricketClubDAL.Db - Found 1 rows.
2026-01-07 17:25:15,780 INFO  CricketClubDAL.Db - Executing SQL: select count(*) from ballbyball_team where match_id=311
2026-01-07 17:25:15,782 INFO  CricketClubDAL.Db - Found 1 rows.
2026-01-07 17:25:15,782 INFO  CricketClubDAL.Db - Executing SQL: select count(*) from ballbyball_team where match_id=312
2026-01-07 17:25:15,783 INFO  CricketClubDAL.Db - Found 1 rows.
2026-01-07 17:25:15,783 INFO  CricketClubDAL.Db - Executing SQL: select count(*) from ballbyball_team where match_id=313
2026-01-07 17:25:15,785 INFO  CricketClubDAL.Db - Found 1 rows.
2026-01-07 17:25:15,785 INFO  CricketClubDAL.Db - Executing SQL: select count(*) from ballbyball_team where match_id=314
2026-01-07 17:25:15,786 INFO  CricketClubDAL.Db - Found 1 rows.
2026-01-07 17:25:15,787 INFO  CricketClubDAL.Db - Executing SQL: select count(*) from ballbyball_team where match_id=315
2026-01-07 17:25:15,788 INFO  CricketClubDAL.Db - Found 1 rows.
2026-01-07 17:25:15,788 INFO  CricketClubDAL.Db - Executing SQL: select count(*) from ballbyball_team where match_id=318
2026-01-07 17:25:15,790 INFO  CricketClubDAL.Db - Found 1 rows.
2026-01-07 17:25:15,791 INFO  CricketClubDAL.Db - Executing SQL: select count(*) from ballbyball_team where match_id=321
2026-01-07 17:25:15,793 INFO  CricketClubDAL.Db - Found 1 rows.
2026-01-07 17:25:15,794 INFO  CricketClubDAL.Db - Executing SQL: select count(*) from ballbyball_team where match_id=322
2026-01-07 17:25:15,796 INFO  CricketClubDAL.Db - Found 1 rows.
2026-01-07 17:25:15,796 INFO  CricketClubDAL.Db - Executing SQL: select count(*) from ballbyball_team where match_id=323
2026-01-07 17:25:15,798 INFO  CricketClubDAL.Db - Found 1 rows.
2026-01-07 17:25:15,798 INFO  CricketClubDAL.Db - Executing SQL: select count(*) from ballbyball_team where match_id=324
2026-01-07 17:25:15,799 INFO  CricketClubDAL.Db - Found 1 rows.
2026-01-07 17:25:15,799 INFO  CricketClubDAL.Db - Executing SQL: select count(*) from ballbyball_team where match_id=325
2026-01-07 17:25:15,800 INFO  CricketClubDAL.Db - Found 1 rows.
2026-01-07 17:25:15,802 INFO  CricketClubDAL.Db - Executing SQL: select count(*) from ballbyball_team where match_id=326
2026-01-07 17:25:15,803 INFO  CricketClubDAL.Db - Found 1 rows.
2026-01-07 17:25:15,804 INFO  CricketClubDAL.Db - Executing SQL: select count(*) from ballbyball_team where match_id=327
2026-01-07 17:25:15,805 INFO  CricketClubDAL.Db - Found 1 rows.
2026-01-07 17:25:15,805 INFO  CricketClubDAL.Db - Executing SQL: select count(*) from ballbyball_team where match_id=328
2026-01-07 17:25:15,807 INFO  CricketClubDAL.Db - Found 1 rows.
2026-01-07 17:25:15,808 INFO  CricketClubDAL.Db - Executing SQL: select count(*) from ballbyball_team where match_id=329
2026-01-07 17:25:15,809 INFO  CricketClubDAL.Db - Found 1 rows.
2026-01-07 17:25:15,810 INFO  CricketClubDAL.Db - Executing SQL: select count(*) from ballbyball_team where match_id=330
2026-01-07 17:25:15,811 INFO  CricketClubDAL.Db - Found 1 rows.
2026-01-07 17:25:15,812 INFO  CricketClubDAL.Db - Executing SQL: select count(*) from ballbyball_team where match_id=331
2026-01-07 17:25:15,813 INFO  CricketClubDAL.Db - Found 1 rows.
2026-01-07 17:25:15,814 INFO  CricketClubDAL.Db - Executing SQL: select count(*) from ballbyball_team where match_id=332
2026-01-07 17:25:15,816 INFO  CricketClubDAL.Db - Found 1 rows.
2026-01-07 17:25:15,816 INFO  CricketClubDAL.Db - Executing SQL: select count(*) from ballbyball_team where match_id=333
2026-01-07 17:25:15,818 INFO  CricketClubDAL.Db - Found 1 rows.
2026-01-07 17:25:15,818 INFO  CricketClubDAL.Db - Executing SQL: select count(*) from ballbyball_team where match_id=334
2026-01-07 17:25:15,820 INFO  CricketClubDAL.Db - Found 1 rows.
2026-01-07 17:25:15,820 INFO  CricketClubDAL.Db - Executing SQL: select count(*) from ballbyball_team where match_id=335
2026-01-07 17:25:15,821 INFO  CricketClubDAL.Db - Found 1 rows.
2026-01-07 17:25:15,821 INFO  CricketClubDAL.Db - Executing SQL: select count(*) from ballbyball_team where match_id=336
2026-01-07 17:25:15,823 INFO  CricketClubDAL.Db - Found 1 rows.
2026-01-07 17:25:15,823 INFO  CricketClubDAL.Db - Executing SQL: select count(*) from ballbyball_team where match_id=337
2026-01-07 17:25:15,826 INFO  CricketClubDAL.Db - Found 1 rows.
2026-01-07 17:25:15,826 INFO  CricketClubDAL.Db - Executing SQL: select count(*) from ballbyball_team where match_id=338
2026-01-07 17:25:15,827 INFO  CricketClubDAL.Db - Found 1 rows.
2026-01-07 17:25:15,827 INFO  CricketClubDAL.Db - Executing SQL: select count(*) from ballbyball_team where match_id=339
2026-01-07 17:25:15,828 INFO  CricketClubDAL.Db - Found 1 rows.
2026-01-07 17:25:15,829 INFO  CricketClubDAL.Db - Executing SQL: select count(*) from ballbyball_team where match_id=340
2026-01-07 17:25:15,830 INFO  CricketClubDAL.Db - Found 1 rows.
2026-01-07 17:25:15,830 INFO  CricketClubDAL.Db - Executing SQL: select count(*) from ballbyball_team where match_id=341
2026-01-07 17:25:15,831 INFO  CricketClubDAL.Db - Found 1 rows.
2026-01-07 17:25:15,831 INFO  CricketClubDAL.Db - Executing SQL: select count(*) from ballbyball_team where match_id=342
2026-01-07 17:25:15,832 INFO  CricketClubDAL.Db - Found 1 rows.
2026-01-07 17:25:15,833 INFO  CricketClubDAL.Db - Executing SQL: select count(*) from ballbyball_team where match_id=343
2026-01-07 17:25:15,835 INFO  CricketClubDAL.Db - Found 1 rows.
2026-01-07 17:25:15,835 INFO  CricketClubDAL.Db - Executing SQL: select count(*) from ballbyball_team where match_id=344
2026-01-07 17:25:15,836 INFO  CricketClubDAL.Db - Found 1 rows.
2026-01-07 17:25:15,837 INFO  CricketClubDAL.Db - Executing SQL: select count(*) from ballbyball_team where match_id=345
2026-01-07 17:25:15,838 INFO  CricketClubDAL.Db - Found 1 rows.
2026-01-07 17:25:15,838 INFO  CricketClubDAL.Db - Executing SQL: select count(*) from ballbyball_team where match_id=346
2026-01-07 17:25:15,839 INFO  CricketClubDAL.Db - Found 1 rows.
2026-01-07 17:25:15,840 INFO  CricketClubDAL.Db - Executing SQL: select count(*) from ballbyball_team where match_id=347
2026-01-07 17:25:15,842 INFO  CricketClubDAL.Db - Found 1 rows.
2026-01-07 17:25:15,842 INFO  CricketClubDAL.Db - Executing SQL: select count(*) from ballbyball_team where match_id=348
2026-01-07 17:25:15,843 INFO  CricketClubDAL.Db - Found 1 rows.
2026-01-07 17:25:15,845 INFO  CricketClubDAL.Db - Executing SQL: select count(*) from ballbyball_team where match_id=349
2026-01-07 17:25:15,846 INFO  CricketClubDAL.Db - Found 1 rows.
2026-01-07 17:25:15,846 INFO  CricketClubDAL.Db - Executing SQL: select count(*) from ballbyball_team where match_id=350
2026-01-07 17:25:15,847 INFO  CricketClubDAL.Db - Found 1 rows.
2026-01-07 17:25:15,847 INFO  CricketClubDAL.Db - Executing SQL: select count(*) from ballbyball_team where match_id=351
2026-01-07 17:25:15,849 INFO  CricketClubDAL.Db - Found 1 rows.
2026-01-07 17:25:15,849 INFO  CricketClubDAL.Db - Executing SQL: select count(*) from ballbyball_team where match_id=352
2026-01-07 17:25:15,850 INFO  CricketClubDAL.Db - Found 1 rows.
2026-01-07 17:25:15,850 INFO  CricketClubDAL.Db - Executing SQL: select count(*) from ballbyball_team where match_id=353
2026-01-07 17:25:15,851 INFO  CricketClubDAL.Db - Found 1 rows.
2026-01-07 17:25:15,852 INFO  CricketClubDAL.Db - Executing SQL: select count(*) from ballbyball_team where match_id=354
2026-01-07 17:25:15,853 INFO  CricketClubDAL.Db - Found 1 rows.
2026-01-07 17:25:15,853 INFO  CricketClubDAL.Db - Executing SQL: select count(*) from ballbyball_team where match_id=357
2026-01-07 17:25:15,854 INFO  CricketClubDAL.Db - Found 1 rows.
2026-01-07 17:25:15,855 INFO  CricketClubDAL.Db - Executing SQL: select count(*) from ballbyball_team where match_id=358
2026-01-07 17:25:15,857 INFO  CricketClubDAL.Db - Found 1 rows.
2026-01-07 17:25:15,859 INFO  CricketClubDAL.Db - Executing SQL: select over_number, value, d.player_id, bowler, [type], angle, p.player_name as batsman_name, out_p.player_name as out_batsman_name, out_player_id, fielder, dismissal_id, description, ball, match_id from ballbyball_data d inner join thevilla_admin.Players p on d.player_id = p.player_id left outer join thevilla_admin.Players out_p on d.out_player_id = out_p.player_id where match_id = 358
2026-01-07 17:25:15,871 INFO  CricketClubDAL.Db - Found 55 rows.
2026-01-07 17:25:15,881 INFO  CricketClubDAL.Db - Executing SQL: select * from thevilla_admin.ballbyball_commentary where match_id =358
2026-01-07 17:25:15,886 INFO  CricketClubDAL.Db - Found 9 rows.
2026-01-07 17:25:15,891 INFO  CricketClubDAL.Db - Executing SQL: select * from dbo.ballbyball_team t, thevilla_admin.players p where match_id=358 and t.player_id = p.player_id
2026-01-07 17:25:15,896 INFO  CricketClubDAL.Db - Found 165 rows.
2026-01-07 17:25:15,901 INFO  CricketClubDAL.Db - Executing SQL: select * from ballbyball_opposition_data where match_id = 358
2026-01-07 17:25:15,904 INFO  CricketClubDAL.Db - Found 0 rows.
2026-01-07 17:25:15,905 INFO  CricketClubDAL.Db - Executing SQL: select * from ballbyball_innings_status where match_id=358
2026-01-07 17:25:15,910 INFO  CricketClubDAL.Db - Found 1 rows.
2026-01-07 17:25:15,911 INFO  CricketClubDAL.Db - Executing SQL: select over_number, value, d.player_id, bowler, [type], angle, p.player_name as batsman_name, out_p.player_name as out_batsman_name, out_player_id, fielder, dismissal_id, description, ball, match_id from ballbyball_data d inner join thevilla_admin.Players p on d.player_id = p.player_id left outer join thevilla_admin.Players out_p on d.out_player_id = out_p.player_id where match_id = 358
2026-01-07 17:25:15,914 INFO  CricketClubDAL.Db - Found 55 rows.
2026-01-07 17:25:15,915 INFO  CricketClubDAL.Db - Executing SQL: select * from thevilla_admin.ballbyball_commentary where match_id =358
2026-01-07 17:25:15,916 INFO  CricketClubDAL.Db - Found 9 rows.
2026-01-07 17:25:15,917 INFO  CricketClubDAL.Db - Executing SQL: select * from dbo.ballbyball_team t, thevilla_admin.players p where match_id=358 and t.player_id = p.player_id
2026-01-07 17:25:15,919 INFO  CricketClubDAL.Db - Found 165 rows.
2026-01-07 17:25:15,920 INFO  CricketClubDAL.Db - Executing SQL: select * from ballbyball_opposition_data where match_id = 358
2026-01-07 17:25:15,921 INFO  CricketClubDAL.Db - Found 0 rows.
2026-01-07 17:25:15,921 INFO  CricketClubDAL.Db - Executing SQL: select * from ballbyball_innings_status where match_id=358
2026-01-07 17:25:15,922 INFO  CricketClubDAL.Db - Found 1 rows.
2026-01-07 17:25:15,923 INFO  CricketClubDAL.Db - Executing SQL: select count(*) from ballbyball_team where match_id=358
2026-01-07 17:25:15,925 INFO  CricketClubDAL.Db - Found 1 rows.
2026-01-07 17:25:15,926 INFO  CricketClubDAL.Db - Executing SQL: select over_number, value, d.player_id, bowler, [type], angle, p.player_name as batsman_name, out_p.player_name as out_batsman_name, out_player_id, fielder, dismissal_id, description, ball, match_id from ballbyball_data d inner join thevilla_admin.Players p on d.player_id = p.player_id left outer join thevilla_admin.Players out_p on d.out_player_id = out_p.player_id where match_id = 358
2026-01-07 17:25:15,928 INFO  CricketClubDAL.Db - Found 55 rows.
2026-01-07 17:25:15,930 INFO  CricketClubDAL.Db - Executing SQL: select * from thevilla_admin.ballbyball_commentary where match_id =358
2026-01-07 17:25:15,931 INFO  CricketClubDAL.Db - Found 9 rows.
2026-01-07 17:25:15,931 INFO  CricketClubDAL.Db - Executing SQL: select * from dbo.ballbyball_team t, thevilla_admin.players p where match_id=358 and t.player_id = p.player_id
2026-01-07 17:25:15,934 INFO  CricketClubDAL.Db - Found 165 rows.
2026-01-07 17:25:15,935 INFO  CricketClubDAL.Db - Executing SQL: select * from ballbyball_opposition_data where match_id = 358
2026-01-07 17:25:15,935 INFO  CricketClubDAL.Db - Found 0 rows.
2026-01-07 17:25:15,936 INFO  CricketClubDAL.Db - Executing SQL: select * from ballbyball_innings_status where match_id=358
2026-01-07 17:25:15,936 INFO  CricketClubDAL.Db - Found 1 rows.
2026-01-07 17:25:15,938 INFO  CricketClubDAL.Db - Executing SQL: select * from thevilla_admin.Teams where team_id = 111
2026-01-07 17:25:15,941 INFO  CricketClubDAL.Db - Found 1 rows.
2026-01-07 17:25:15,942 INFO  CricketClubDAL.Db - Executing SQL: select count(*) from ballbyball_team where match_id=359
2026-01-07 17:25:15,943 INFO  CricketClubDAL.Db - Found 1 rows.
2026-01-07 17:25:15,943 INFO  CricketClubDAL.Db - Executing SQL: select count(*) from ballbyball_team where match_id=360
2026-01-07 17:25:15,944 INFO  CricketClubDAL.Db - Found 1 rows.
2026-01-07 17:25:15,945 INFO  CricketClubDAL.Db - Executing SQL: select count(*) from ballbyball_team where match_id=361
2026-01-07 17:25:15,946 INFO  CricketClubDAL.Db - Found 1 rows.
2026-01-07 17:25:15,946 INFO  CricketClubDAL.Db - Executing SQL: select count(*) from ballbyball_team where match_id=362
2026-01-07 17:25:15,947 INFO  CricketClubDAL.Db - Found 1 rows.
2026-01-07 17:25:15,948 INFO  CricketClubDAL.Db - Executing SQL: select count(*) from ballbyball_team where match_id=363
2026-01-07 17:25:15,949 INFO  CricketClubDAL.Db - Found 1 rows.
2026-01-07 17:25:15,949 INFO  CricketClubDAL.Db - Executing SQL: select count(*) from ballbyball_team where match_id=364
2026-01-07 17:25:15,951 INFO  CricketClubDAL.Db - Found 1 rows.
2026-01-07 17:25:15,952 INFO  CricketClubDAL.Db - Executing SQL: select count(*) from ballbyball_team where match_id=365
2026-01-07 17:25:15,953 INFO  CricketClubDAL.Db - Found 1 rows.
2026-01-07 17:25:15,953 INFO  CricketClubDAL.Db - Executing SQL: select count(*) from ballbyball_team where match_id=366
2026-01-07 17:25:15,954 INFO  CricketClubDAL.Db - Found 1 rows.
2026-01-07 17:25:15,955 INFO  CricketClubDAL.Db - Executing SQL: select count(*) from ballbyball_team where match_id=367
2026-01-07 17:25:15,956 INFO  CricketClubDAL.Db - Found 1 rows.
2026-01-07 17:25:15,956 INFO  CricketClubDAL.Db - Executing SQL: select count(*) from ballbyball_team where match_id=368
2026-01-07 17:25:15,957 INFO  CricketClubDAL.Db - Found 1 rows.
2026-01-07 17:25:15,959 INFO  CricketClubDAL.Db - Executing SQL: select count(*) from ballbyball_team where match_id=369
2026-01-07 17:25:15,960 INFO  CricketClubDAL.Db - Found 1 rows.
2026-01-07 17:25:15,960 INFO  CricketClubDAL.Db - Executing SQL: select count(*) from ballbyball_team where match_id=370
2026-01-07 17:25:15,961 INFO  CricketClubDAL.Db - Found 1 rows.
2026-01-07 17:25:15,962 INFO  CricketClubDAL.Db - Executing SQL: select count(*) from ballbyball_team where match_id=371
2026-01-07 17:25:15,962 INFO  CricketClubDAL.Db - Found 1 rows.
2026-01-07 17:25:15,963 INFO  CricketClubDAL.Db - Executing SQL: select count(*) from ballbyball_team where match_id=372
2026-01-07 17:25:15,964 INFO  CricketClubDAL.Db - Found 1 rows.
2026-01-07 17:25:15,964 INFO  CricketClubDAL.Db - Executing SQL: select over_number, value, d.player_id, bowler, [type], angle, p.player_name as batsman_name, out_p.player_name as out_batsman_name, out_player_id, fielder, dismissal_id, description, ball, match_id from ballbyball_data d inner join thevilla_admin.Players p on d.player_id = p.player_id left outer join thevilla_admin.Players out_p on d.out_player_id = out_p.player_id where match_id = 372
2026-01-07 17:25:15,969 INFO  CricketClubDAL.Db - Found 14 rows.
2026-01-07 17:25:15,969 INFO  CricketClubDAL.Db - Executing SQL: select * from thevilla_admin.ballbyball_commentary where match_id =372
2026-01-07 17:25:15,971 INFO  CricketClubDAL.Db - Found 2 rows.
2026-01-07 17:25:15,971 INFO  CricketClubDAL.Db - Executing SQL: select * from dbo.ballbyball_team t, thevilla_admin.players p where match_id=372 and t.player_id = p.player_id
2026-01-07 17:25:15,975 INFO  CricketClubDAL.Db - Found 33 rows.
2026-01-07 17:25:15,976 INFO  CricketClubDAL.Db - Executing SQL: select * from ballbyball_opposition_data where match_id = 372
2026-01-07 17:25:15,976 INFO  CricketClubDAL.Db - Found 0 rows.
2026-01-07 17:25:15,977 INFO  CricketClubDAL.Db - Executing SQL: select * from ballbyball_innings_status where match_id=372
2026-01-07 17:25:15,977 INFO  CricketClubDAL.Db - Found 1 rows.
2026-01-07 17:25:15,977 INFO  CricketClubDAL.Db - Executing SQL: select over_number, value, d.player_id, bowler, [type], angle, p.player_name as batsman_name, out_p.player_name as out_batsman_name, out_player_id, fielder, dismissal_id, description, ball, match_id from ballbyball_data d inner join thevilla_admin.Players p on d.player_id = p.player_id left outer join thevilla_admin.Players out_p on d.out_player_id = out_p.player_id where match_id = 372
2026-01-07 17:25:15,978 INFO  CricketClubDAL.Db - Found 14 rows.
2026-01-07 17:25:15,978 INFO  CricketClubDAL.Db - Executing SQL: select * from thevilla_admin.ballbyball_commentary where match_id =372
2026-01-07 17:25:15,980 INFO  CricketClubDAL.Db - Found 2 rows.
2026-01-07 17:25:15,980 INFO  CricketClubDAL.Db - Executing SQL: select * from dbo.ballbyball_team t, thevilla_admin.players p where match_id=372 and t.player_id = p.player_id
2026-01-07 17:25:15,982 INFO  CricketClubDAL.Db - Found 33 rows.
2026-01-07 17:25:15,982 INFO  CricketClubDAL.Db - Executing SQL: select * from ballbyball_opposition_data where match_id = 372
2026-01-07 17:25:15,983 INFO  CricketClubDAL.Db - Found 0 rows.
2026-01-07 17:25:15,983 INFO  CricketClubDAL.Db - Executing SQL: select * from ballbyball_innings_status where match_id=372
2026-01-07 17:25:15,984 INFO  CricketClubDAL.Db - Found 1 rows.
2026-01-07 17:25:15,984 INFO  CricketClubDAL.Db - Executing SQL: select count(*) from ballbyball_team where match_id=372
2026-01-07 17:25:15,985 INFO  CricketClubDAL.Db - Found 1 rows.
2026-01-07 17:25:15,986 INFO  CricketClubDAL.Db - Executing SQL: select over_number, value, d.player_id, bowler, [type], angle, p.player_name as batsman_name, out_p.player_name as out_batsman_name, out_player_id, fielder, dismissal_id, description, ball, match_id from ballbyball_data d inner join thevilla_admin.Players p on d.player_id = p.player_id left outer join thevilla_admin.Players out_p on d.out_player_id = out_p.player_id where match_id = 372
2026-01-07 17:25:15,986 INFO  CricketClubDAL.Db - Found 14 rows.
2026-01-07 17:25:15,987 INFO  CricketClubDAL.Db - Executing SQL: select * from thevilla_admin.ballbyball_commentary where match_id =372
2026-01-07 17:25:15,987 INFO  CricketClubDAL.Db - Found 2 rows.
2026-01-07 17:25:15,989 INFO  CricketClubDAL.Db - Executing SQL: select * from dbo.ballbyball_team t, thevilla_admin.players p where match_id=372 and t.player_id = p.player_id
2026-01-07 17:25:15,990 INFO  CricketClubDAL.Db - Found 33 rows.
2026-01-07 17:25:15,991 INFO  CricketClubDAL.Db - Executing SQL: select * from ballbyball_opposition_data where match_id = 372
2026-01-07 17:25:15,991 INFO  CricketClubDAL.Db - Found 0 rows.
2026-01-07 17:25:15,992 INFO  CricketClubDAL.Db - Executing SQL: select * from ballbyball_innings_status where match_id=372
2026-01-07 17:25:15,992 INFO  CricketClubDAL.Db - Found 1 rows.
2026-01-07 17:25:15,992 INFO  CricketClubDAL.Db - Executing SQL: select * from thevilla_admin.Teams where team_id = 122
2026-01-07 17:25:15,993 INFO  CricketClubDAL.Db - Found 1 rows.
2026-01-07 17:25:15,993 INFO  CricketClubDAL.Db - Executing SQL: select count(*) from ballbyball_team where match_id=373
2026-01-07 17:25:15,994 INFO  CricketClubDAL.Db - Found 1 rows.
2026-01-07 17:25:15,996 INFO  CricketClubDAL.Db - Executing SQL: select count(*) from ballbyball_team where match_id=374
2026-01-07 17:25:15,997 INFO  CricketClubDAL.Db - Found 1 rows.
2026-01-07 17:25:15,997 INFO  CricketClubDAL.Db - Executing SQL: select count(*) from ballbyball_team where match_id=375
2026-01-07 17:25:15,998 INFO  CricketClubDAL.Db - Found 1 rows.
2026-01-07 17:25:15,998 INFO  CricketClubDAL.Db - Executing SQL: select count(*) from ballbyball_team where match_id=376
2026-01-07 17:25:15,999 INFO  CricketClubDAL.Db - Found 1 rows.
2026-01-07 17:25:15,999 INFO  CricketClubDAL.Db - Executing SQL: select count(*) from ballbyball_team where match_id=377
2026-01-07 17:25:16,000 INFO  CricketClubDAL.Db - Found 1 rows.
2026-01-07 17:25:16,002 INFO  CricketClubDAL.Db - Executing SQL: select count(*) from ballbyball_team where match_id=378
2026-01-07 17:25:16,002 INFO  CricketClubDAL.Db - Found 1 rows.
2026-01-07 17:25:16,003 INFO  CricketClubDAL.Db - Executing SQL: select count(*) from ballbyball_team where match_id=379
2026-01-07 17:25:16,004 INFO  CricketClubDAL.Db - Found 1 rows.
2026-01-07 17:25:16,004 INFO  CricketClubDAL.Db - Executing SQL: select count(*) from ballbyball_team where match_id=381
2026-01-07 17:25:16,005 INFO  CricketClubDAL.Db - Found 1 rows.
2026-01-07 17:25:16,005 INFO  CricketClubDAL.Db - Executing SQL: select over_number, value, d.player_id, bowler, [type], angle, p.player_name as batsman_name, out_p.player_name as out_batsman_name, out_player_id, fielder, dismissal_id, description, ball, match_id from ballbyball_data d inner join thevilla_admin.Players p on d.player_id = p.player_id left outer join thevilla_admin.Players out_p on d.out_player_id = out_p.player_id where match_id = 381
2026-01-07 17:25:16,012 INFO  CricketClubDAL.Db - Found 243 rows.
2026-01-07 17:25:16,016 INFO  CricketClubDAL.Db - Executing SQL: select * from thevilla_admin.ballbyball_commentary where match_id =381
2026-01-07 17:25:16,019 INFO  CricketClubDAL.Db - Found 40 rows.
2026-01-07 17:25:16,019 INFO  CricketClubDAL.Db - Executing SQL: select * from dbo.ballbyball_team t, thevilla_admin.players p where match_id=381 and t.player_id = p.player_id
2026-01-07 17:25:16,027 INFO  CricketClubDAL.Db - Found 451 rows.
2026-01-07 17:25:16,029 INFO  CricketClubDAL.Db - Executing SQL: select * from ballbyball_opposition_data where match_id = 381
2026-01-07 17:25:16,032 INFO  CricketClubDAL.Db - Found 1 rows.
2026-01-07 17:25:16,033 INFO  CricketClubDAL.Db - Executing SQL: select * from ballbyball_innings_status where match_id=381
2026-01-07 17:25:16,035 INFO  CricketClubDAL.Db - Found 1 rows.
2026-01-07 17:25:16,036 INFO  CricketClubDAL.Db - Executing SQL: select count(*) from ballbyball_team where match_id=382
2026-01-07 17:25:16,039 INFO  CricketClubDAL.Db - Found 1 rows.
2026-01-07 17:25:16,039 INFO  CricketClubDAL.Db - Executing SQL: select count(*) from ballbyball_team where match_id=383
2026-01-07 17:25:16,043 INFO  CricketClubDAL.Db - Found 1 rows.
2026-01-07 17:25:16,043 INFO  CricketClubDAL.Db - Executing SQL: select count(*) from ballbyball_team where match_id=384
2026-01-07 17:25:16,046 INFO  CricketClubDAL.Db - Found 1 rows.
2026-01-07 17:25:16,046 INFO  CricketClubDAL.Db - Executing SQL: select count(*) from ballbyball_team where match_id=385
2026-01-07 17:25:16,049 INFO  CricketClubDAL.Db - Found 1 rows.
2026-01-07 17:25:16,049 INFO  CricketClubDAL.Db - Executing SQL: select count(*) from ballbyball_team where match_id=386
2026-01-07 17:25:16,051 INFO  CricketClubDAL.Db - Found 1 rows.
2026-01-07 17:25:16,051 INFO  CricketClubDAL.Db - Executing SQL: select over_number, value, d.player_id, bowler, [type], angle, p.player_name as batsman_name, out_p.player_name as out_batsman_name, out_player_id, fielder, dismissal_id, description, ball, match_id from ballbyball_data d inner join thevilla_admin.Players p on d.player_id = p.player_id left outer join thevilla_admin.Players out_p on d.out_player_id = out_p.player_id where match_id = 386
2026-01-07 17:25:16,061 INFO  CricketClubDAL.Db - Found 246 rows.
2026-01-07 17:25:16,067 INFO  CricketClubDAL.Db - Executing SQL: select * from thevilla_admin.ballbyball_commentary where match_id =386
2026-01-07 17:25:16,069 INFO  CricketClubDAL.Db - Found 40 rows.
2026-01-07 17:25:16,071 INFO  CricketClubDAL.Db - Executing SQL: select * from dbo.ballbyball_team t, thevilla_admin.players p where match_id=386 and t.player_id = p.player_id
2026-01-07 17:25:16,081 INFO  CricketClubDAL.Db - Found 462 rows.
2026-01-07 17:25:16,083 INFO  CricketClubDAL.Db - Executing SQL: select * from ballbyball_opposition_data where match_id = 386
2026-01-07 17:25:16,088 INFO  CricketClubDAL.Db - Found 17 rows.
2026-01-07 17:25:16,089 INFO  CricketClubDAL.Db - Executing SQL: select * from ballbyball_innings_status where match_id=386
2026-01-07 17:25:16,093 INFO  CricketClubDAL.Db - Found 1 rows.
2026-01-07 17:25:16,093 INFO  CricketClubDAL.Db - Executing SQL: select count(*) from ballbyball_team where match_id=387
2026-01-07 17:25:16,096 INFO  CricketClubDAL.Db - Found 1 rows.
2026-01-07 17:25:16,096 INFO  CricketClubDAL.Db - Executing SQL: select count(*) from ballbyball_team where match_id=388
2026-01-07 17:25:16,098 INFO  CricketClubDAL.Db - Found 1 rows.
2026-01-07 17:25:16,098 INFO  CricketClubDAL.Db - Executing SQL: select count(*) from ballbyball_team where match_id=389
2026-01-07 17:25:16,100 INFO  CricketClubDAL.Db - Found 1 rows.
2026-01-07 17:25:16,101 INFO  CricketClubDAL.Db - Executing SQL: select count(*) from ballbyball_team where match_id=390
2026-01-07 17:25:16,103 INFO  CricketClubDAL.Db - Found 1 rows.
2026-01-07 17:25:16,103 INFO  CricketClubDAL.Db - Executing SQL: select count(*) from ballbyball_team where match_id=391
2026-01-07 17:25:16,104 INFO  CricketClubDAL.Db - Found 1 rows.
2026-01-07 17:25:16,104 INFO  CricketClubDAL.Db - Executing SQL: select count(*) from ballbyball_team where match_id=392
2026-01-07 17:25:16,109 INFO  CricketClubDAL.Db - Found 1 rows.
2026-01-07 17:25:16,109 INFO  CricketClubDAL.Db - Executing SQL: select count(*) from ballbyball_team where match_id=393
2026-01-07 17:25:16,112 INFO  CricketClubDAL.Db - Found 1 rows.
2026-01-07 17:25:16,113 INFO  CricketClubDAL.Db - Executing SQL: select count(*) from ballbyball_team where match_id=394
2026-01-07 17:25:16,114 INFO  CricketClubDAL.Db - Found 1 rows.
2026-01-07 17:25:16,114 INFO  CricketClubDAL.Db - Executing SQL: select count(*) from ballbyball_team where match_id=395
2026-01-07 17:25:16,117 INFO  CricketClubDAL.Db - Found 1 rows.
2026-01-07 17:25:16,118 INFO  CricketClubDAL.Db - Executing SQL: select count(*) from ballbyball_team where match_id=396
2026-01-07 17:25:16,119 INFO  CricketClubDAL.Db - Found 1 rows.
2026-01-07 17:25:16,120 INFO  CricketClubDAL.Db - Executing SQL: select over_number, value, d.player_id, bowler, [type], angle, p.player_name as batsman_name, out_p.player_name as out_batsman_name, out_player_id, fielder, dismissal_id, description, ball, match_id from ballbyball_data d inner join thevilla_admin.Players p on d.player_id = p.player_id left outer join thevilla_admin.Players out_p on d.out_player_id = out_p.player_id where match_id = 396
2026-01-07 17:25:16,127 INFO  CricketClubDAL.Db - Found 132 rows.
2026-01-07 17:25:16,129 INFO  CricketClubDAL.Db - Executing SQL: select * from thevilla_admin.ballbyball_commentary where match_id =396
2026-01-07 17:25:16,131 INFO  CricketClubDAL.Db - Found 19 rows.
2026-01-07 17:25:16,132 INFO  CricketClubDAL.Db - Executing SQL: select * from dbo.ballbyball_team t, thevilla_admin.players p where match_id=396 and t.player_id = p.player_id
2026-01-07 17:25:16,139 INFO  CricketClubDAL.Db - Found 220 rows.
2026-01-07 17:25:16,140 INFO  CricketClubDAL.Db - Executing SQL: select * from ballbyball_opposition_data where match_id = 396
2026-01-07 17:25:16,142 INFO  CricketClubDAL.Db - Found 1 rows.
2026-01-07 17:25:16,143 INFO  CricketClubDAL.Db - Executing SQL: select * from ballbyball_innings_status where match_id=396
2026-01-07 17:25:16,145 INFO  CricketClubDAL.Db - Found 1 rows.
2026-01-07 17:25:16,145 INFO  CricketClubDAL.Db - Executing SQL: select count(*) from ballbyball_team where match_id=397
2026-01-07 17:25:16,147 INFO  CricketClubDAL.Db - Found 1 rows.
2026-01-07 17:25:16,147 INFO  CricketClubDAL.Db - Executing SQL: select over_number, value, d.player_id, bowler, [type], angle, p.player_name as batsman_name, out_p.player_name as out_batsman_name, out_player_id, fielder, dismissal_id, description, ball, match_id from ballbyball_data d inner join thevilla_admin.Players p on d.player_id = p.player_id left outer join thevilla_admin.Players out_p on d.out_player_id = out_p.player_id where match_id = 397
2026-01-07 17:25:16,155 INFO  CricketClubDAL.Db - Found 146 rows.
2026-01-07 17:25:16,158 INFO  CricketClubDAL.Db - Executing SQL: select * from thevilla_admin.ballbyball_commentary where match_id =397
2026-01-07 17:25:16,160 INFO  CricketClubDAL.Db - Found 23 rows.
2026-01-07 17:25:16,161 INFO  CricketClubDAL.Db - Executing SQL: select * from dbo.ballbyball_team t, thevilla_admin.players p where match_id=397 and t.player_id = p.player_id
2026-01-07 17:25:16,168 INFO  CricketClubDAL.Db - Found 264 rows.
2026-01-07 17:25:16,169 INFO  CricketClubDAL.Db - Executing SQL: select * from ballbyball_opposition_data where match_id = 397
2026-01-07 17:25:16,171 INFO  CricketClubDAL.Db - Found 2 rows.
2026-01-07 17:25:16,171 INFO  CricketClubDAL.Db - Executing SQL: select * from ballbyball_innings_status where match_id=397
2026-01-07 17:25:16,174 INFO  CricketClubDAL.Db - Found 1 rows.
2026-01-07 17:25:16,174 INFO  CricketClubDAL.Db - Executing SQL: select count(*) from ballbyball_team where match_id=398
2026-01-07 17:25:16,176 INFO  CricketClubDAL.Db - Found 1 rows.
2026-01-07 17:25:16,176 INFO  CricketClubDAL.Db - Executing SQL: select over_number, value, d.player_id, bowler, [type], angle, p.player_name as batsman_name, out_p.player_name as out_batsman_name, out_player_id, fielder, dismissal_id, description, ball, match_id from ballbyball_data d inner join thevilla_admin.Players p on d.player_id = p.player_id left outer join thevilla_admin.Players out_p on d.out_player_id = out_p.player_id where match_id = 398
2026-01-07 17:25:16,180 INFO  CricketClubDAL.Db - Found 7 rows.
2026-01-07 17:25:16,180 INFO  CricketClubDAL.Db - Executing SQL: select * from thevilla_admin.ballbyball_commentary where match_id =398
2026-01-07 17:25:16,182 INFO  CricketClubDAL.Db - Found 1 rows.
2026-01-07 17:25:16,182 INFO  CricketClubDAL.Db - Executing SQL: select * from dbo.ballbyball_team t, thevilla_admin.players p where match_id=398 and t.player_id = p.player_id
2026-01-07 17:25:16,185 INFO  CricketClubDAL.Db - Found 22 rows.
2026-01-07 17:25:16,185 INFO  CricketClubDAL.Db - Executing SQL: select * from ballbyball_opposition_data where match_id = 398
2026-01-07 17:25:16,186 INFO  CricketClubDAL.Db - Found 0 rows.
2026-01-07 17:25:16,186 INFO  CricketClubDAL.Db - Executing SQL: select * from ballbyball_innings_status where match_id=398
2026-01-07 17:25:16,188 INFO  CricketClubDAL.Db - Found 1 rows.
2026-01-07 17:25:16,188 INFO  CricketClubDAL.Db - Executing SQL: select over_number, value, d.player_id, bowler, [type], angle, p.player_name as batsman_name, out_p.player_name as out_batsman_name, out_player_id, fielder, dismissal_id, description, ball, match_id from ballbyball_data d inner join thevilla_admin.Players p on d.player_id = p.player_id left outer join thevilla_admin.Players out_p on d.out_player_id = out_p.player_id where match_id = 398
2026-01-07 17:25:16,189 INFO  CricketClubDAL.Db - Found 7 rows.
2026-01-07 17:25:16,189 INFO  CricketClubDAL.Db - Executing SQL: select * from thevilla_admin.ballbyball_commentary where match_id =398
2026-01-07 17:25:16,189 INFO  CricketClubDAL.Db - Found 1 rows.
2026-01-07 17:25:16,190 INFO  CricketClubDAL.Db - Executing SQL: select * from dbo.ballbyball_team t, thevilla_admin.players p where match_id=398 and t.player_id = p.player_id
2026-01-07 17:25:16,192 INFO  CricketClubDAL.Db - Found 22 rows.
2026-01-07 17:25:16,193 INFO  CricketClubDAL.Db - Executing SQL: select * from ballbyball_opposition_data where match_id = 398
2026-01-07 17:25:16,193 INFO  CricketClubDAL.Db - Found 0 rows.
2026-01-07 17:25:16,194 INFO  CricketClubDAL.Db - Executing SQL: select * from ballbyball_innings_status where match_id=398
2026-01-07 17:25:16,194 INFO  CricketClubDAL.Db - Found 1 rows.
2026-01-07 17:25:16,194 INFO  CricketClubDAL.Db - Executing SQL: select count(*) from ballbyball_team where match_id=398
2026-01-07 17:25:16,195 INFO  CricketClubDAL.Db - Found 1 rows.
2026-01-07 17:25:16,196 INFO  CricketClubDAL.Db - Executing SQL: select over_number, value, d.player_id, bowler, [type], angle, p.player_name as batsman_name, out_p.player_name as out_batsman_name, out_player_id, fielder, dismissal_id, description, ball, match_id from ballbyball_data d inner join thevilla_admin.Players p on d.player_id = p.player_id left outer join thevilla_admin.Players out_p on d.out_player_id = out_p.player_id where match_id = 398
2026-01-07 17:25:16,196 INFO  CricketClubDAL.Db - Found 7 rows.
2026-01-07 17:25:16,196 INFO  CricketClubDAL.Db - Executing SQL: select * from thevilla_admin.ballbyball_commentary where match_id =398
2026-01-07 17:25:16,197 INFO  CricketClubDAL.Db - Found 1 rows.
2026-01-07 17:25:16,197 INFO  CricketClubDAL.Db - Executing SQL: select * from dbo.ballbyball_team t, thevilla_admin.players p where match_id=398 and t.player_id = p.player_id
2026-01-07 17:25:16,199 INFO  CricketClubDAL.Db - Found 22 rows.
2026-01-07 17:25:16,199 INFO  CricketClubDAL.Db - Executing SQL: select * from ballbyball_opposition_data where match_id = 398
2026-01-07 17:25:16,200 INFO  CricketClubDAL.Db - Found 0 rows.
2026-01-07 17:25:16,200 INFO  CricketClubDAL.Db - Executing SQL: select * from ballbyball_innings_status where match_id=398
2026-01-07 17:25:16,201 INFO  CricketClubDAL.Db - Found 1 rows.
2026-01-07 17:25:16,201 INFO  CricketClubDAL.Db - Executing SQL: select count(*) from ballbyball_team where match_id=399
2026-01-07 17:25:16,202 INFO  CricketClubDAL.Db - Found 1 rows.
2026-01-07 17:25:16,203 INFO  CricketClubDAL.Db - Executing SQL: select count(*) from ballbyball_team where match_id=400
2026-01-07 17:25:16,204 INFO  CricketClubDAL.Db - Found 1 rows.
2026-01-07 17:25:16,204 INFO  CricketClubDAL.Db - Executing SQL: select count(*) from ballbyball_team where match_id=401
2026-01-07 17:25:16,205 INFO  CricketClubDAL.Db - Found 1 rows.
2026-01-07 17:25:16,206 INFO  CricketClubDAL.Db - Executing SQL: select count(*) from ballbyball_team where match_id=402
2026-01-07 17:25:16,208 INFO  CricketClubDAL.Db - Found 1 rows.
2026-01-07 17:25:16,208 INFO  CricketClubDAL.Db - Executing SQL: select count(*) from ballbyball_team where match_id=403
2026-01-07 17:25:16,209 INFO  CricketClubDAL.Db - Found 1 rows.
2026-01-07 17:25:16,210 INFO  CricketClubDAL.Db - Executing SQL: select count(*) from ballbyball_team where match_id=404
2026-01-07 17:25:16,212 INFO  CricketClubDAL.Db - Found 1 rows.
2026-01-07 17:25:16,212 INFO  CricketClubDAL.Db - Executing SQL: select over_number, value, d.player_id, bowler, [type], angle, p.player_name as batsman_name, out_p.player_name as out_batsman_name, out_player_id, fielder, dismissal_id, description, ball, match_id from ballbyball_data d inner join thevilla_admin.Players p on d.player_id = p.player_id left outer join thevilla_admin.Players out_p on d.out_player_id = out_p.player_id where match_id = 404
2026-01-07 17:25:16,215 INFO  CricketClubDAL.Db - Found 0 rows.
2026-01-07 17:25:16,216 INFO  CricketClubDAL.Db - Executing SQL: select * from thevilla_admin.ballbyball_commentary where match_id =404
2026-01-07 17:25:16,217 INFO  CricketClubDAL.Db - Found 0 rows.
2026-01-07 17:25:16,217 INFO  CricketClubDAL.Db - Executing SQL: select * from dbo.ballbyball_team t, thevilla_admin.players p where match_id=404 and t.player_id = p.player_id
2026-01-07 17:25:16,220 INFO  CricketClubDAL.Db - Found 11 rows.
2026-01-07 17:25:16,220 INFO  CricketClubDAL.Db - Executing SQL: select * from ballbyball_opposition_data where match_id = 404
2026-01-07 17:25:16,222 INFO  CricketClubDAL.Db - Found 0 rows.
2026-01-07 17:25:16,222 INFO  CricketClubDAL.Db - Executing SQL: select * from ballbyball_innings_status where match_id=404
2026-01-07 17:25:16,223 INFO  CricketClubDAL.Db - Found 1 rows.
2026-01-07 17:25:16,223 INFO  CricketClubDAL.Db - Executing SQL: select over_number, value, d.player_id, bowler, [type], angle, p.player_name as batsman_name, out_p.player_name as out_batsman_name, out_player_id, fielder, dismissal_id, description, ball, match_id from ballbyball_data d inner join thevilla_admin.Players p on d.player_id = p.player_id left outer join thevilla_admin.Players out_p on d.out_player_id = out_p.player_id where match_id = 404
2026-01-07 17:25:16,224 INFO  CricketClubDAL.Db - Found 0 rows.
2026-01-07 17:25:16,225 INFO  CricketClubDAL.Db - Executing SQL: select * from thevilla_admin.ballbyball_commentary where match_id =404
2026-01-07 17:25:16,225 INFO  CricketClubDAL.Db - Found 0 rows.
2026-01-07 17:25:16,226 INFO  CricketClubDAL.Db - Executing SQL: select * from dbo.ballbyball_team t, thevilla_admin.players p where match_id=404 and t.player_id = p.player_id
2026-01-07 17:25:16,227 INFO  CricketClubDAL.Db - Found 11 rows.
2026-01-07 17:25:16,228 INFO  CricketClubDAL.Db - Executing SQL: select * from ballbyball_opposition_data where match_id = 404
2026-01-07 17:25:16,228 INFO  CricketClubDAL.Db - Found 0 rows.
2026-01-07 17:25:16,229 INFO  CricketClubDAL.Db - Executing SQL: select * from ballbyball_innings_status where match_id=404
2026-01-07 17:25:16,229 INFO  CricketClubDAL.Db - Found 1 rows.
2026-01-07 17:25:16,229 INFO  CricketClubDAL.Db - Executing SQL: select count(*) from ballbyball_team where match_id=404
2026-01-07 17:25:16,230 INFO  CricketClubDAL.Db - Found 1 rows.
2026-01-07 17:25:16,231 INFO  CricketClubDAL.Db - Executing SQL: select over_number, value, d.player_id, bowler, [type], angle, p.player_name as batsman_name, out_p.player_name as out_batsman_name, out_player_id, fielder, dismissal_id, description, ball, match_id from ballbyball_data d inner join thevilla_admin.Players p on d.player_id = p.player_id left outer join thevilla_admin.Players out_p on d.out_player_id = out_p.player_id where match_id = 404
2026-01-07 17:25:16,231 INFO  CricketClubDAL.Db - Found 0 rows.
2026-01-07 17:25:16,232 INFO  CricketClubDAL.Db - Executing SQL: select * from thevilla_admin.ballbyball_commentary where match_id =404
2026-01-07 17:25:16,232 INFO  CricketClubDAL.Db - Found 0 rows.
2026-01-07 17:25:16,232 INFO  CricketClubDAL.Db - Executing SQL: select * from dbo.ballbyball_team t, thevilla_admin.players p where match_id=404 and t.player_id = p.player_id
2026-01-07 17:25:16,233 INFO  CricketClubDAL.Db - Found 11 rows.
2026-01-07 17:25:16,234 INFO  CricketClubDAL.Db - Executing SQL: select * from ballbyball_opposition_data where match_id = 404
2026-01-07 17:25:16,234 INFO  CricketClubDAL.Db - Found 0 rows.
2026-01-07 17:25:16,235 INFO  CricketClubDAL.Db - Executing SQL: select * from ballbyball_innings_status where match_id=404
2026-01-07 17:25:16,235 INFO  CricketClubDAL.Db - Found 1 rows.
2026-01-07 17:25:16,236 INFO  CricketClubDAL.Db - Executing SQL: select over_number, value, d.player_id, bowler, [type], angle, p.player_name as batsman_name, out_p.player_name as out_batsman_name, out_player_id, fielder, dismissal_id, description, ball, match_id from ballbyball_data d inner join thevilla_admin.Players p on d.player_id = p.player_id left outer join thevilla_admin.Players out_p on d.out_player_id = out_p.player_id where match_id = 404
2026-01-07 17:25:16,236 INFO  CricketClubDAL.Db - Found 0 rows.
2026-01-07 17:25:16,236 INFO  CricketClubDAL.Db - Executing SQL: select * from thevilla_admin.ballbyball_commentary where match_id =404
2026-01-07 17:25:16,238 INFO  CricketClubDAL.Db - Found 0 rows.
2026-01-07 17:25:16,238 INFO  CricketClubDAL.Db - Executing SQL: select * from dbo.ballbyball_team t, thevilla_admin.players p where match_id=404 and t.player_id = p.player_id
2026-01-07 17:25:16,239 INFO  CricketClubDAL.Db - Found 11 rows.
2026-01-07 17:25:16,240 INFO  CricketClubDAL.Db - Executing SQL: select * from ballbyball_opposition_data where match_id = 404
2026-01-07 17:25:16,241 INFO  CricketClubDAL.Db - Found 0 rows.
2026-01-07 17:25:16,241 INFO  CricketClubDAL.Db - Executing SQL: select * from ballbyball_innings_status where match_id=404
2026-01-07 17:25:16,242 INFO  CricketClubDAL.Db - Found 1 rows.
2026-01-07 17:25:16,243 INFO  CricketClubDAL.Db - Executing SQL: select * from thevilla_admin.Teams where team_id = 90
2026-01-07 17:25:16,243 INFO  CricketClubDAL.Db - Found 1 rows.
2026-01-07 17:25:16,244 INFO  CricketClubDAL.Db - Executing SQL: select count(*) from ballbyball_team where match_id=405
2026-01-07 17:25:16,245 INFO  CricketClubDAL.Db - Found 1 rows.
2026-01-07 17:25:16,245 INFO  CricketClubDAL.Db - Executing SQL: select over_number, value, d.player_id, bowler, [type], angle, p.player_name as batsman_name, out_p.player_name as out_batsman_name, out_player_id, fielder, dismissal_id, description, ball, match_id from ballbyball_data d inner join thevilla_admin.Players p on d.player_id = p.player_id left outer join thevilla_admin.Players out_p on d.out_player_id = out_p.player_id where match_id = 405
2026-01-07 17:25:16,249 INFO  CricketClubDAL.Db - Found 6 rows.
2026-01-07 17:25:16,249 INFO  CricketClubDAL.Db - Executing SQL: select * from thevilla_admin.ballbyball_commentary where match_id =405
2026-01-07 17:25:16,251 INFO  CricketClubDAL.Db - Found 1 rows.
2026-01-07 17:25:16,251 INFO  CricketClubDAL.Db - Executing SQL: select * from dbo.ballbyball_team t, thevilla_admin.players p where match_id=405 and t.player_id = p.player_id
2026-01-07 17:25:16,254 INFO  CricketClubDAL.Db - Found 22 rows.
2026-01-07 17:25:16,254 INFO  CricketClubDAL.Db - Executing SQL: select * from ballbyball_opposition_data where match_id = 405
2026-01-07 17:25:16,255 INFO  CricketClubDAL.Db - Found 0 rows.
2026-01-07 17:25:16,257 INFO  CricketClubDAL.Db - Executing SQL: select * from ballbyball_innings_status where match_id=405
2026-01-07 17:25:16,258 INFO  CricketClubDAL.Db - Found 1 rows.
2026-01-07 17:25:16,259 INFO  CricketClubDAL.Db - Executing SQL: select over_number, value, d.player_id, bowler, [type], angle, p.player_name as batsman_name, out_p.player_name as out_batsman_name, out_player_id, fielder, dismissal_id, description, ball, match_id from ballbyball_data d inner join thevilla_admin.Players p on d.player_id = p.player_id left outer join thevilla_admin.Players out_p on d.out_player_id = out_p.player_id where match_id = 405
2026-01-07 17:25:16,260 INFO  CricketClubDAL.Db - Found 6 rows.
2026-01-07 17:25:16,260 INFO  CricketClubDAL.Db - Executing SQL: select * from thevilla_admin.ballbyball_commentary where match_id =405
2026-01-07 17:25:16,261 INFO  CricketClubDAL.Db - Found 1 rows.
2026-01-07 17:25:16,261 INFO  CricketClubDAL.Db - Executing SQL: select * from dbo.ballbyball_team t, thevilla_admin.players p where match_id=405 and t.player_id = p.player_id
2026-01-07 17:25:16,263 INFO  CricketClubDAL.Db - Found 22 rows.
2026-01-07 17:25:16,264 INFO  CricketClubDAL.Db - Executing SQL: select * from ballbyball_opposition_data where match_id = 405
2026-01-07 17:25:16,265 INFO  CricketClubDAL.Db - Found 0 rows.
2026-01-07 17:25:16,266 INFO  CricketClubDAL.Db - Executing SQL: select * from ballbyball_innings_status where match_id=405
2026-01-07 17:25:16,268 INFO  CricketClubDAL.Db - Found 1 rows.
2026-01-07 17:25:16,269 INFO  CricketClubDAL.Db - Executing SQL: select count(*) from ballbyball_team where match_id=405
2026-01-07 17:25:16,270 INFO  CricketClubDAL.Db - Found 1 rows.
2026-01-07 17:25:16,270 INFO  CricketClubDAL.Db - Executing SQL: select over_number, value, d.player_id, bowler, [type], angle, p.player_name as batsman_name, out_p.player_name as out_batsman_name, out_player_id, fielder, dismissal_id, description, ball, match_id from ballbyball_data d inner join thevilla_admin.Players p on d.player_id = p.player_id left outer join thevilla_admin.Players out_p on d.out_player_id = out_p.player_id where match_id = 405
2026-01-07 17:25:16,275 INFO  CricketClubDAL.Db - Found 6 rows.
2026-01-07 17:25:16,276 INFO  CricketClubDAL.Db - Executing SQL: select * from thevilla_admin.ballbyball_commentary where match_id =405
2026-01-07 17:25:16,279 INFO  CricketClubDAL.Db - Found 1 rows.
2026-01-07 17:25:16,279 INFO  CricketClubDAL.Db - Executing SQL: select * from dbo.ballbyball_team t, thevilla_admin.players p where match_id=405 and t.player_id = p.player_id
2026-01-07 17:25:16,284 INFO  CricketClubDAL.Db - Found 22 rows.
2026-01-07 17:25:16,284 INFO  CricketClubDAL.Db - Executing SQL: select * from ballbyball_opposition_data where match_id = 405
2026-01-07 17:25:16,286 INFO  CricketClubDAL.Db - Found 0 rows.
2026-01-07 17:25:16,286 INFO  CricketClubDAL.Db - Executing SQL: select * from ballbyball_innings_status where match_id=405
2026-01-07 17:25:16,288 INFO  CricketClubDAL.Db - Found 1 rows.
2026-01-07 17:25:16,289 INFO  CricketClubDAL.Db - Executing SQL: select * from thevilla_admin.Teams where team_id = 115
2026-01-07 17:25:16,292 INFO  CricketClubDAL.Db - Found 1 rows.
2026-01-07 17:25:16,292 INFO  CricketClubDAL.Db - Executing SQL: select count(*) from ballbyball_team where match_id=406
2026-01-07 17:25:16,294 INFO  CricketClubDAL.Db - Found 1 rows.
2026-01-07 17:25:16,295 INFO  CricketClubDAL.Db - Executing SQL: select count(*) from ballbyball_team where match_id=407
2026-01-07 17:25:16,297 INFO  CricketClubDAL.Db - Found 1 rows.
2026-01-07 17:25:16,297 INFO  CricketClubDAL.Db - Executing SQL: select count(*) from ballbyball_team where match_id=408
2026-01-07 17:25:16,300 INFO  CricketClubDAL.Db - Found 1 rows.
2026-01-07 17:25:16,300 INFO  CricketClubDAL.Db - Executing SQL: select count(*) from ballbyball_team where match_id=409
2026-01-07 17:25:16,302 INFO  CricketClubDAL.Db - Found 1 rows.
2026-01-07 17:25:16,302 INFO  CricketClubDAL.Db - Executing SQL: select count(*) from ballbyball_team where match_id=410
2026-01-07 17:25:16,305 INFO  CricketClubDAL.Db - Found 1 rows.
2026-01-07 17:25:16,305 INFO  CricketClubDAL.Db - Executing SQL: select count(*) from ballbyball_team where match_id=411
2026-01-07 17:25:16,308 INFO  CricketClubDAL.Db - Found 1 rows.
2026-01-07 17:25:16,309 INFO  CricketClubDAL.Db - Executing SQL: select count(*) from ballbyball_team where match_id=412
2026-01-07 17:25:16,312 INFO  CricketClubDAL.Db - Found 1 rows.
2026-01-07 17:25:16,312 INFO  CricketClubDAL.Db - Executing SQL: select count(*) from ballbyball_team where match_id=413
2026-01-07 17:25:16,314 INFO  CricketClubDAL.Db - Found 1 rows.
2026-01-07 17:25:16,314 INFO  CricketClubDAL.Db - Executing SQL: select count(*) from ballbyball_team where match_id=414
2026-01-07 17:25:16,316 INFO  CricketClubDAL.Db - Found 1 rows.
2026-01-07 17:25:16,316 INFO  CricketClubDAL.Db - Executing SQL: select count(*) from ballbyball_team where match_id=415
2026-01-07 17:25:16,318 INFO  CricketClubDAL.Db - Found 1 rows.
2026-01-07 17:25:16,318 INFO  CricketClubDAL.Db - Executing SQL: select count(*) from ballbyball_team where match_id=416
2026-01-07 17:25:16,321 INFO  CricketClubDAL.Db - Found 1 rows.
2026-01-07 17:25:16,321 INFO  CricketClubDAL.Db - Executing SQL: select count(*) from ballbyball_team where match_id=417
2026-01-07 17:25:16,324 INFO  CricketClubDAL.Db - Found 1 rows.
2026-01-07 17:25:16,325 INFO  CricketClubDAL.Db - Executing SQL: select count(*) from ballbyball_team where match_id=418
2026-01-07 17:25:16,326 INFO  CricketClubDAL.Db - Found 1 rows.
2026-01-07 17:25:16,327 INFO  CricketClubDAL.Db - Executing SQL: select count(*) from ballbyball_team where match_id=419
2026-01-07 17:25:16,328 INFO  CricketClubDAL.Db - Found 1 rows.
2026-01-07 17:25:16,330 INFO  CricketClubDAL.Db - Executing SQL: select count(*) from ballbyball_team where match_id=420
2026-01-07 17:25:16,332 INFO  CricketClubDAL.Db - Found 1 rows.
2026-01-07 17:25:16,332 INFO  CricketClubDAL.Db - Executing SQL: select count(*) from ballbyball_team where match_id=421
2026-01-07 17:25:16,334 INFO  CricketClubDAL.Db - Found 1 rows.
2026-01-07 17:25:16,334 INFO  CricketClubDAL.Db - Executing SQL: select count(*) from ballbyball_team where match_id=422
2026-01-07 17:25:16,336 INFO  CricketClubDAL.Db - Found 1 rows.
2026-01-07 17:25:16,336 INFO  CricketClubDAL.Db - Executing SQL: select count(*) from ballbyball_team where match_id=423
2026-01-07 17:25:16,339 INFO  CricketClubDAL.Db - Found 1 rows.
2026-01-07 17:25:16,340 INFO  CricketClubDAL.Db - Executing SQL: select count(*) from ballbyball_team where match_id=424
2026-01-07 17:25:16,342 INFO  CricketClubDAL.Db - Found 1 rows.
2026-01-07 17:25:16,342 INFO  CricketClubDAL.Db - Executing SQL: select count(*) from ballbyball_team where match_id=425
2026-01-07 17:25:16,345 INFO  CricketClubDAL.Db - Found 1 rows.
2026-01-07 17:25:16,345 INFO  CricketClubDAL.Db - Executing SQL: select over_number, value, d.player_id, bowler, [type], angle, p.player_name as batsman_name, out_p.player_name as out_batsman_name, out_player_id, fielder, dismissal_id, description, ball, match_id from ballbyball_data d inner join thevilla_admin.Players p on d.player_id = p.player_id left outer join thevilla_admin.Players out_p on d.out_player_id = out_p.player_id where match_id = 425
2026-01-07 17:25:16,352 INFO  CricketClubDAL.Db - Found 217 rows.
2026-01-07 17:25:16,361 INFO  CricketClubDAL.Db - Executing SQL: select * from thevilla_admin.ballbyball_commentary where match_id =425
2026-01-07 17:25:16,365 INFO  CricketClubDAL.Db - Found 35 rows.
2026-01-07 17:25:16,366 INFO  CricketClubDAL.Db - Executing SQL: select * from dbo.ballbyball_team t, thevilla_admin.players p where match_id=425 and t.player_id = p.player_id
2026-01-07 17:25:16,374 INFO  CricketClubDAL.Db - Found 396 rows.
2026-01-07 17:25:16,377 INFO  CricketClubDAL.Db - Executing SQL: select * from ballbyball_opposition_data where match_id = 425
2026-01-07 17:25:16,379 INFO  CricketClubDAL.Db - Found 2 rows.
2026-01-07 17:25:16,380 INFO  CricketClubDAL.Db - Executing SQL: select * from ballbyball_innings_status where match_id=425
2026-01-07 17:25:16,381 INFO  CricketClubDAL.Db - Found 1 rows.
2026-01-07 17:25:16,382 INFO  CricketClubDAL.Db - Executing SQL: select count(*) from ballbyball_team where match_id=426
2026-01-07 17:25:16,385 INFO  CricketClubDAL.Db - Found 1 rows.
2026-01-07 17:25:16,385 INFO  CricketClubDAL.Db - Executing SQL: select count(*) from ballbyball_team where match_id=427
2026-01-07 17:25:16,387 INFO  CricketClubDAL.Db - Found 1 rows.
2026-01-07 17:25:16,387 INFO  CricketClubDAL.Db - Executing SQL: select over_number, value, d.player_id, bowler, [type], angle, p.player_name as batsman_name, out_p.player_name as out_batsman_name, out_player_id, fielder, dismissal_id, description, ball, match_id from ballbyball_data d inner join thevilla_admin.Players p on d.player_id = p.player_id left outer join thevilla_admin.Players out_p on d.out_player_id = out_p.player_id where match_id = 427
2026-01-07 17:25:16,396 INFO  CricketClubDAL.Db - Found 226 rows.
2026-01-07 17:25:16,403 INFO  CricketClubDAL.Db - Executing SQL: select * from thevilla_admin.ballbyball_commentary where match_id =427
2026-01-07 17:25:16,405 INFO  CricketClubDAL.Db - Found 38 rows.
2026-01-07 17:25:16,405 INFO  CricketClubDAL.Db - Executing SQL: select * from dbo.ballbyball_team t, thevilla_admin.players p where match_id=427 and t.player_id = p.player_id
2026-01-07 17:25:16,414 INFO  CricketClubDAL.Db - Found 429 rows.
2026-01-07 17:25:16,416 INFO  CricketClubDAL.Db - Executing SQL: select * from ballbyball_opposition_data where match_id = 427
2026-01-07 17:25:16,418 INFO  CricketClubDAL.Db - Found 0 rows.
2026-01-07 17:25:16,418 INFO  CricketClubDAL.Db - Executing SQL: select * from ballbyball_innings_status where match_id=427
2026-01-07 17:25:16,420 INFO  CricketClubDAL.Db - Found 1 rows.
2026-01-07 17:25:16,420 INFO  CricketClubDAL.Db - Executing SQL: select over_number, value, d.player_id, bowler, [type], angle, p.player_name as batsman_name, out_p.player_name as out_batsman_name, out_player_id, fielder, dismissal_id, description, ball, match_id from ballbyball_data d inner join thevilla_admin.Players p on d.player_id = p.player_id left outer join thevilla_admin.Players out_p on d.out_player_id = out_p.player_id where match_id = 427
2026-01-07 17:25:16,428 INFO  CricketClubDAL.Db - Found 226 rows.
2026-01-07 17:25:16,430 INFO  CricketClubDAL.Db - Executing SQL: select * from thevilla_admin.ballbyball_commentary where match_id =427
2026-01-07 17:25:16,432 INFO  CricketClubDAL.Db - Found 38 rows.
2026-01-07 17:25:16,433 INFO  CricketClubDAL.Db - Executing SQL: select * from dbo.ballbyball_team t, thevilla_admin.players p where match_id=427 and t.player_id = p.player_id
2026-01-07 17:25:16,439 INFO  CricketClubDAL.Db - Found 429 rows.
2026-01-07 17:25:16,442 INFO  CricketClubDAL.Db - Executing SQL: select * from ballbyball_opposition_data where match_id = 427
2026-01-07 17:25:16,444 INFO  CricketClubDAL.Db - Found 0 rows.
2026-01-07 17:25:16,444 INFO  CricketClubDAL.Db - Executing SQL: select * from ballbyball_innings_status where match_id=427
2026-01-07 17:25:16,444 INFO  CricketClubDAL.Db - Found 1 rows.
2026-01-07 17:25:16,445 INFO  CricketClubDAL.Db - Executing SQL: select count(*) from ballbyball_team where match_id=427
2026-01-07 17:25:16,446 INFO  CricketClubDAL.Db - Found 1 rows.
2026-01-07 17:25:16,446 INFO  CricketClubDAL.Db - Executing SQL: select over_number, value, d.player_id, bowler, [type], angle, p.player_name as batsman_name, out_p.player_name as out_batsman_name, out_player_id, fielder, dismissal_id, description, ball, match_id from ballbyball_data d inner join thevilla_admin.Players p on d.player_id = p.player_id left outer join thevilla_admin.Players out_p on d.out_player_id = out_p.player_id where match_id = 427
2026-01-07 17:25:16,451 INFO  CricketClubDAL.Db - Found 226 rows.
2026-01-07 17:25:16,453 INFO  CricketClubDAL.Db - Executing SQL: select * from thevilla_admin.ballbyball_commentary where match_id =427
2026-01-07 17:25:16,454 INFO  CricketClubDAL.Db - Found 38 rows.
2026-01-07 17:25:16,455 INFO  CricketClubDAL.Db - Executing SQL: select * from dbo.ballbyball_team t, thevilla_admin.players p where match_id=427 and t.player_id = p.player_id
2026-01-07 17:25:16,461 INFO  CricketClubDAL.Db - Found 429 rows.
2026-01-07 17:25:16,463 INFO  CricketClubDAL.Db - Executing SQL: select * from ballbyball_opposition_data where match_id = 427
2026-01-07 17:25:16,464 INFO  CricketClubDAL.Db - Found 0 rows.
2026-01-07 17:25:16,464 INFO  CricketClubDAL.Db - Executing SQL: select * from ballbyball_innings_status where match_id=427
2026-01-07 17:25:16,464 INFO  CricketClubDAL.Db - Found 1 rows.
2026-01-07 17:25:16,465 INFO  CricketClubDAL.Db - Executing SQL: select * from thevilla_admin.Teams where team_id = 143
2026-01-07 17:25:16,466 INFO  CricketClubDAL.Db - Found 1 rows.
2026-01-07 17:25:16,466 INFO  CricketClubDAL.Db - Executing SQL: select count(*) from ballbyball_team where match_id=428
2026-01-07 17:25:16,467 INFO  CricketClubDAL.Db - Found 1 rows.
2026-01-07 17:25:16,467 INFO  CricketClubDAL.Db - Executing SQL: select over_number, value, d.player_id, bowler, [type], angle, p.player_name as batsman_name, out_p.player_name as out_batsman_name, out_player_id, fielder, dismissal_id, description, ball, match_id from ballbyball_data d inner join thevilla_admin.Players p on d.player_id = p.player_id left outer join thevilla_admin.Players out_p on d.out_player_id = out_p.player_id where match_id = 428
2026-01-07 17:25:16,472 INFO  CricketClubDAL.Db - Found 202 rows.
2026-01-07 17:25:16,476 INFO  CricketClubDAL.Db - Executing SQL: select * from thevilla_admin.ballbyball_commentary where match_id =428
2026-01-07 17:25:16,479 INFO  CricketClubDAL.Db - Found 32 rows.
2026-01-07 17:25:16,479 INFO  CricketClubDAL.Db - Executing SQL: select * from dbo.ballbyball_team t, thevilla_admin.players p where match_id=428 and t.player_id = p.player_id
2026-01-07 17:25:16,484 INFO  CricketClubDAL.Db - Found 363 rows.
2026-01-07 17:25:16,486 INFO  CricketClubDAL.Db - Executing SQL: select * from ballbyball_opposition_data where match_id = 428
2026-01-07 17:25:16,487 INFO  CricketClubDAL.Db - Found 1 rows.
2026-01-07 17:25:16,487 INFO  CricketClubDAL.Db - Executing SQL: select * from ballbyball_innings_status where match_id=428
2026-01-07 17:25:16,488 INFO  CricketClubDAL.Db - Found 1 rows.
2026-01-07 17:25:16,488 INFO  CricketClubDAL.Db - Executing SQL: select count(*) from ballbyball_team where match_id=429
2026-01-07 17:25:16,491 INFO  CricketClubDAL.Db - Found 1 rows.
2026-01-07 17:25:16,491 INFO  CricketClubDAL.Db - Executing SQL: select over_number, value, d.player_id, bowler, [type], angle, p.player_name as batsman_name, out_p.player_name as out_batsman_name, out_player_id, fielder, dismissal_id, description, ball, match_id from ballbyball_data d inner join thevilla_admin.Players p on d.player_id = p.player_id left outer join thevilla_admin.Players out_p on d.out_player_id = out_p.player_id where match_id = 429
2026-01-07 17:25:16,498 INFO  CricketClubDAL.Db - Found 215 rows.
2026-01-07 17:25:16,501 INFO  CricketClubDAL.Db - Executing SQL: select * from thevilla_admin.ballbyball_commentary where match_id =429
2026-01-07 17:25:16,503 INFO  CricketClubDAL.Db - Found 35 rows.
2026-01-07 17:25:16,503 INFO  CricketClubDAL.Db - Executing SQL: select * from dbo.ballbyball_team t, thevilla_admin.players p where match_id=429 and t.player_id = p.player_id
2026-01-07 17:25:16,511 INFO  CricketClubDAL.Db - Found 396 rows.
2026-01-07 17:25:16,512 INFO  CricketClubDAL.Db - Executing SQL: select * from ballbyball_opposition_data where match_id = 429
2026-01-07 17:25:16,514 INFO  CricketClubDAL.Db - Found 2 rows.
2026-01-07 17:25:16,514 INFO  CricketClubDAL.Db - Executing SQL: select * from ballbyball_innings_status where match_id=429
2026-01-07 17:25:16,516 INFO  CricketClubDAL.Db - Found 1 rows.
2026-01-07 17:25:16,516 INFO  CricketClubDAL.Db - Executing SQL: select count(*) from ballbyball_team where match_id=430
2026-01-07 17:25:16,518 INFO  CricketClubDAL.Db - Found 1 rows.
2026-01-07 17:25:16,519 INFO  CricketClubDAL.Db - Executing SQL: select count(*) from ballbyball_team where match_id=431
2026-01-07 17:25:16,521 INFO  CricketClubDAL.Db - Found 1 rows.
2026-01-07 17:25:16,522 INFO  CricketClubDAL.Db - Executing SQL: select over_number, value, d.player_id, bowler, [type], angle, p.player_name as batsman_name, out_p.player_name as out_batsman_name, out_player_id, fielder, dismissal_id, description, ball, match_id from ballbyball_data d inner join thevilla_admin.Players p on d.player_id = p.player_id left outer join thevilla_admin.Players out_p on d.out_player_id = out_p.player_id where match_id = 431
2026-01-07 17:25:16,529 INFO  CricketClubDAL.Db - Found 180 rows.
2026-01-07 17:25:16,534 INFO  CricketClubDAL.Db - Executing SQL: select * from thevilla_admin.ballbyball_commentary where match_id =431
2026-01-07 17:25:16,536 INFO  CricketClubDAL.Db - Found 30 rows.
2026-01-07 17:25:16,536 INFO  CricketClubDAL.Db - Executing SQL: select * from dbo.ballbyball_team t, thevilla_admin.players p where match_id=431 and t.player_id = p.player_id
2026-01-07 17:25:16,544 INFO  CricketClubDAL.Db - Found 341 rows.
2026-01-07 17:25:16,545 INFO  CricketClubDAL.Db - Executing SQL: select * from ballbyball_opposition_data where match_id = 431
2026-01-07 17:25:16,548 INFO  CricketClubDAL.Db - Found 1 rows.
2026-01-07 17:25:16,548 INFO  CricketClubDAL.Db - Executing SQL: select * from ballbyball_innings_status where match_id=431
2026-01-07 17:25:16,550 INFO  CricketClubDAL.Db - Found 1 rows.
2026-01-07 17:25:16,551 INFO  CricketClubDAL.Db - Executing SQL: select count(*) from ballbyball_team where match_id=432
2026-01-07 17:25:16,553 INFO  CricketClubDAL.Db - Found 1 rows.
2026-01-07 17:25:16,554 INFO  CricketClubDAL.Db - Executing SQL: select over_number, value, d.player_id, bowler, [type], angle, p.player_name as batsman_name, out_p.player_name as out_batsman_name, out_player_id, fielder, dismissal_id, description, ball, match_id from ballbyball_data d inner join thevilla_admin.Players p on d.player_id = p.player_id left outer join thevilla_admin.Players out_p on d.out_player_id = out_p.player_id where match_id = 432
2026-01-07 17:25:16,561 INFO  CricketClubDAL.Db - Found 210 rows.
2026-01-07 17:25:16,567 INFO  CricketClubDAL.Db - Executing SQL: select * from thevilla_admin.ballbyball_commentary where match_id =432
2026-01-07 17:25:16,570 INFO  CricketClubDAL.Db - Found 33 rows.
2026-01-07 17:25:16,570 INFO  CricketClubDAL.Db - Executing SQL: select * from dbo.ballbyball_team t, thevilla_admin.players p where match_id=432 and t.player_id = p.player_id
2026-01-07 17:25:16,579 INFO  CricketClubDAL.Db - Found 374 rows.
2026-01-07 17:25:16,586 INFO  CricketClubDAL.Db - Executing SQL: select * from ballbyball_opposition_data where match_id = 432
2026-01-07 17:25:16,589 INFO  CricketClubDAL.Db - Found 1 rows.
2026-01-07 17:25:16,590 INFO  CricketClubDAL.Db - Executing SQL: select * from ballbyball_innings_status where match_id=432
2026-01-07 17:25:16,592 INFO  CricketClubDAL.Db - Found 1 rows.
2026-01-07 17:25:16,592 INFO  CricketClubDAL.Db - Executing SQL: select count(*) from ballbyball_team where match_id=433
2026-01-07 17:25:16,595 INFO  CricketClubDAL.Db - Found 1 rows.
2026-01-07 17:25:16,596 INFO  CricketClubDAL.Db - Executing SQL: select count(*) from ballbyball_team where match_id=434
2026-01-07 17:25:16,599 INFO  CricketClubDAL.Db - Found 1 rows.
2026-01-07 17:25:16,599 INFO  CricketClubDAL.Db - Executing SQL: select count(*) from ballbyball_team where match_id=435
2026-01-07 17:25:16,602 INFO  CricketClubDAL.Db - Found 1 rows.
2026-01-07 17:25:16,602 INFO  CricketClubDAL.Db - Executing SQL: select over_number, value, d.player_id, bowler, [type], angle, p.player_name as batsman_name, out_p.player_name as out_batsman_name, out_player_id, fielder, dismissal_id, description, ball, match_id from ballbyball_data d inner join thevilla_admin.Players p on d.player_id = p.player_id left outer join thevilla_admin.Players out_p on d.out_player_id = out_p.player_id where match_id = 435
2026-01-07 17:25:16,609 INFO  CricketClubDAL.Db - Found 164 rows.
2026-01-07 17:25:16,614 INFO  CricketClubDAL.Db - Executing SQL: select * from thevilla_admin.ballbyball_commentary where match_id =435
2026-01-07 17:25:16,616 INFO  CricketClubDAL.Db - Found 26 rows.
2026-01-07 17:25:16,616 INFO  CricketClubDAL.Db - Executing SQL: select * from dbo.ballbyball_team t, thevilla_admin.players p where match_id=435 and t.player_id = p.player_id
2026-01-07 17:25:16,625 INFO  CricketClubDAL.Db - Found 297 rows.
2026-01-07 17:25:16,627 INFO  CricketClubDAL.Db - Executing SQL: select * from ballbyball_opposition_data where match_id = 435
2026-01-07 17:25:16,629 INFO  CricketClubDAL.Db - Found 1 rows.
2026-01-07 17:25:16,629 INFO  CricketClubDAL.Db - Executing SQL: select * from ballbyball_innings_status where match_id=435
2026-01-07 17:25:16,631 INFO  CricketClubDAL.Db - Found 1 rows.
2026-01-07 17:25:16,631 INFO  CricketClubDAL.Db - Executing SQL: select count(*) from ballbyball_team where match_id=436
2026-01-07 17:25:16,636 INFO  CricketClubDAL.Db - Found 1 rows.
2026-01-07 17:25:16,639 INFO  CricketClubDAL.Db - Executing SQL: select over_number, value, d.player_id, bowler, [type], angle, p.player_name as batsman_name, out_p.player_name as out_batsman_name, out_player_id, fielder, dismissal_id, description, ball, match_id from ballbyball_data d inner join thevilla_admin.Players p on d.player_id = p.player_id left outer join thevilla_admin.Players out_p on d.out_player_id = out_p.player_id where match_id = 436
2026-01-07 17:25:16,646 INFO  CricketClubDAL.Db - Found 156 rows.
2026-01-07 17:25:16,653 INFO  CricketClubDAL.Db - Executing SQL: select * from thevilla_admin.ballbyball_commentary where match_id =436
2026-01-07 17:25:16,655 INFO  CricketClubDAL.Db - Found 25 rows.
2026-01-07 17:25:16,656 INFO  CricketClubDAL.Db - Executing SQL: select * from dbo.ballbyball_team t, thevilla_admin.players p where match_id=436 and t.player_id = p.player_id
2026-01-07 17:25:16,663 INFO  CricketClubDAL.Db - Found 286 rows.
2026-01-07 17:25:16,665 INFO  CricketClubDAL.Db - Executing SQL: select * from ballbyball_opposition_data where match_id = 436
2026-01-07 17:25:16,667 INFO  CricketClubDAL.Db - Found 1 rows.
2026-01-07 17:25:16,667 INFO  CricketClubDAL.Db - Executing SQL: select * from ballbyball_innings_status where match_id=436
2026-01-07 17:25:16,669 INFO  CricketClubDAL.Db - Found 1 rows.
2026-01-07 17:25:16,669 INFO  CricketClubDAL.Db - Executing SQL: select count(*) from ballbyball_team where match_id=437
2026-01-07 17:25:16,672 INFO  CricketClubDAL.Db - Found 1 rows.
2026-01-07 17:25:16,672 INFO  CricketClubDAL.Db - Executing SQL: select over_number, value, d.player_id, bowler, [type], angle, p.player_name as batsman_name, out_p.player_name as out_batsman_name, out_player_id, fielder, dismissal_id, description, ball, match_id from ballbyball_data d inner join thevilla_admin.Players p on d.player_id = p.player_id left outer join thevilla_admin.Players out_p on d.out_player_id = out_p.player_id where match_id = 437
2026-01-07 17:25:16,680 INFO  CricketClubDAL.Db - Found 240 rows.
2026-01-07 17:25:16,683 INFO  CricketClubDAL.Db - Executing SQL: select * from thevilla_admin.ballbyball_commentary where match_id =437
2026-01-07 17:25:16,684 INFO  CricketClubDAL.Db - Found 40 rows.
2026-01-07 17:25:16,685 INFO  CricketClubDAL.Db - Executing SQL: select * from dbo.ballbyball_team t, thevilla_admin.players p where match_id=437 and t.player_id = p.player_id
2026-01-07 17:25:16,692 INFO  CricketClubDAL.Db - Found 451 rows.
2026-01-07 17:25:16,693 INFO  CricketClubDAL.Db - Executing SQL: select * from ballbyball_opposition_data where match_id = 437
2026-01-07 17:25:16,695 INFO  CricketClubDAL.Db - Found 1 rows.
2026-01-07 17:25:16,695 INFO  CricketClubDAL.Db - Executing SQL: select * from ballbyball_innings_status where match_id=437
2026-01-07 17:25:16,697 INFO  CricketClubDAL.Db - Found 1 rows.
2026-01-07 17:25:16,698 INFO  CricketClubDAL.Db - Executing SQL: select count(*) from ballbyball_team where match_id=438
2026-01-07 17:25:16,699 INFO  CricketClubDAL.Db - Found 1 rows.
2026-01-07 17:25:16,699 INFO  CricketClubDAL.Db - Executing SQL: select over_number, value, d.player_id, bowler, [type], angle, p.player_name as batsman_name, out_p.player_name as out_batsman_name, out_player_id, fielder, dismissal_id, description, ball, match_id from ballbyball_data d inner join thevilla_admin.Players p on d.player_id = p.player_id left outer join thevilla_admin.Players out_p on d.out_player_id = out_p.player_id where match_id = 438
2026-01-07 17:25:16,704 INFO  CricketClubDAL.Db - Found 175 rows.
2026-01-07 17:25:16,705 INFO  CricketClubDAL.Db - Executing SQL: select * from thevilla_admin.ballbyball_commentary where match_id =438
2026-01-07 17:25:16,708 INFO  CricketClubDAL.Db - Found 27 rows.
2026-01-07 17:25:16,708 INFO  CricketClubDAL.Db - Executing SQL: select * from dbo.ballbyball_team t, thevilla_admin.players p where match_id=438 and t.player_id = p.player_id
2026-01-07 17:25:16,714 INFO  CricketClubDAL.Db - Found 308 rows.
2026-01-07 17:25:16,715 INFO  CricketClubDAL.Db - Executing SQL: select * from ballbyball_opposition_data where match_id = 438
2026-01-07 17:25:16,716 INFO  CricketClubDAL.Db - Found 1 rows.
2026-01-07 17:25:16,716 INFO  CricketClubDAL.Db - Executing SQL: select * from ballbyball_innings_status where match_id=438
2026-01-07 17:25:16,717 INFO  CricketClubDAL.Db - Found 1 rows.
2026-01-07 17:25:16,717 INFO  CricketClubDAL.Db - Executing SQL: select count(*) from ballbyball_team where match_id=439
2026-01-07 17:25:16,718 INFO  CricketClubDAL.Db - Found 1 rows.
2026-01-07 17:25:16,718 INFO  CricketClubDAL.Db - Executing SQL: select over_number, value, d.player_id, bowler, [type], angle, p.player_name as batsman_name, out_p.player_name as out_batsman_name, out_player_id, fielder, dismissal_id, description, ball, match_id from ballbyball_data d inner join thevilla_admin.Players p on d.player_id = p.player_id left outer join thevilla_admin.Players out_p on d.out_player_id = out_p.player_id where match_id = 439
2026-01-07 17:25:16,724 INFO  CricketClubDAL.Db - Found 218 rows.
2026-01-07 17:25:16,728 INFO  CricketClubDAL.Db - Executing SQL: select * from thevilla_admin.ballbyball_commentary where match_id =439
2026-01-07 17:25:16,730 INFO  CricketClubDAL.Db - Found 33 rows.
2026-01-07 17:25:16,730 INFO  CricketClubDAL.Db - Executing SQL: select * from dbo.ballbyball_team t, thevilla_admin.players p where match_id=439 and t.player_id = p.player_id
2026-01-07 17:25:16,735 INFO  CricketClubDAL.Db - Found 374 rows.
2026-01-07 17:25:16,737 INFO  CricketClubDAL.Db - Executing SQL: select * from ballbyball_opposition_data where match_id = 439
2026-01-07 17:25:16,738 INFO  CricketClubDAL.Db - Found 1 rows.
2026-01-07 17:25:16,738 INFO  CricketClubDAL.Db - Executing SQL: select * from ballbyball_innings_status where match_id=439
2026-01-07 17:25:16,739 INFO  CricketClubDAL.Db - Found 1 rows.
2026-01-07 17:25:16,740 INFO  CricketClubDAL.Db - Executing SQL: select count(*) from ballbyball_team where match_id=440
2026-01-07 17:25:16,742 INFO  CricketClubDAL.Db - Found 1 rows.
2026-01-07 17:25:16,742 INFO  CricketClubDAL.Db - Executing SQL: select over_number, value, d.player_id, bowler, [type], angle, p.player_name as batsman_name, out_p.player_name as out_batsman_name, out_player_id, fielder, dismissal_id, description, ball, match_id from ballbyball_data d inner join thevilla_admin.Players p on d.player_id = p.player_id left outer join thevilla_admin.Players out_p on d.out_player_id = out_p.player_id where match_id = 440
2026-01-07 17:25:16,747 INFO  CricketClubDAL.Db - Found 189 rows.
2026-01-07 17:25:16,750 INFO  CricketClubDAL.Db - Executing SQL: select * from thevilla_admin.ballbyball_commentary where match_id =440
2026-01-07 17:25:16,753 INFO  CricketClubDAL.Db - Found 29 rows.
2026-01-07 17:25:16,753 INFO  CricketClubDAL.Db - Executing SQL: select * from dbo.ballbyball_team t, thevilla_admin.players p where match_id=440 and t.player_id = p.player_id
2026-01-07 17:25:16,760 INFO  CricketClubDAL.Db - Found 330 rows.
2026-01-07 17:25:16,762 INFO  CricketClubDAL.Db - Executing SQL: select * from ballbyball_opposition_data where match_id = 440
2026-01-07 17:25:16,764 INFO  CricketClubDAL.Db - Found 1 rows.
2026-01-07 17:25:16,764 INFO  CricketClubDAL.Db - Executing SQL: select * from ballbyball_innings_status where match_id=440
2026-01-07 17:25:16,767 INFO  CricketClubDAL.Db - Found 1 rows.
2026-01-07 17:25:16,767 INFO  CricketClubDAL.Db - Executing SQL: select count(*) from ballbyball_team where match_id=441
2026-01-07 17:25:16,770 INFO  CricketClubDAL.Db - Found 1 rows.
2026-01-07 17:25:16,771 INFO  CricketClubDAL.Db - Executing SQL: select over_number, value, d.player_id, bowler, [type], angle, p.player_name as batsman_name, out_p.player_name as out_batsman_name, out_player_id, fielder, dismissal_id, description, ball, match_id from ballbyball_data d inner join thevilla_admin.Players p on d.player_id = p.player_id left outer join thevilla_admin.Players out_p on d.out_player_id = out_p.player_id where match_id = 441
2026-01-07 17:25:16,782 INFO  CricketClubDAL.Db - Found 218 rows.
2026-01-07 17:25:16,787 INFO  CricketClubDAL.Db - Executing SQL: select * from thevilla_admin.ballbyball_commentary where match_id =441
2026-01-07 17:25:16,794 INFO  CricketClubDAL.Db - Found 35 rows.
2026-01-07 17:25:16,794 INFO  CricketClubDAL.Db - Executing SQL: select * from dbo.ballbyball_team t, thevilla_admin.players p where match_id=441 and t.player_id = p.player_id
2026-01-07 17:25:16,804 INFO  CricketClubDAL.Db - Found 396 rows.
2026-01-07 17:25:16,807 INFO  CricketClubDAL.Db - Executing SQL: select * from ballbyball_opposition_data where match_id = 441
2026-01-07 17:25:16,810 INFO  CricketClubDAL.Db - Found 2 rows.
2026-01-07 17:25:16,810 INFO  CricketClubDAL.Db - Executing SQL: select * from ballbyball_innings_status where match_id=441
2026-01-07 17:25:16,813 INFO  CricketClubDAL.Db - Found 1 rows.
2026-01-07 17:25:16,814 INFO  CricketClubDAL.Db - Executing SQL: select count(*) from ballbyball_team where match_id=442
2026-01-07 17:25:16,816 INFO  CricketClubDAL.Db - Found 1 rows.
2026-01-07 17:25:16,816 INFO  CricketClubDAL.Db - Executing SQL: select count(*) from ballbyball_team where match_id=443
2026-01-07 17:25:16,819 INFO  CricketClubDAL.Db - Found 1 rows.
2026-01-07 17:25:16,820 INFO  CricketClubDAL.Db - Executing SQL: select over_number, value, d.player_id, bowler, [type], angle, p.player_name as batsman_name, out_p.player_name as out_batsman_name, out_player_id, fielder, dismissal_id, description, ball, match_id from ballbyball_data d inner join thevilla_admin.Players p on d.player_id = p.player_id left outer join thevilla_admin.Players out_p on d.out_player_id = out_p.player_id where match_id = 443
2026-01-07 17:25:16,827 INFO  CricketClubDAL.Db - Found 211 rows.
2026-01-07 17:25:16,833 INFO  CricketClubDAL.Db - Executing SQL: select * from thevilla_admin.ballbyball_commentary where match_id =443
2026-01-07 17:25:16,836 INFO  CricketClubDAL.Db - Found 34 rows.
2026-01-07 17:25:16,837 INFO  CricketClubDAL.Db - Executing SQL: select * from dbo.ballbyball_team t, thevilla_admin.players p where match_id=443 and t.player_id = p.player_id
2026-01-07 17:25:16,845 INFO  CricketClubDAL.Db - Found 385 rows.
2026-01-07 17:25:16,847 INFO  CricketClubDAL.Db - Executing SQL: select * from ballbyball_opposition_data where match_id = 443
2026-01-07 17:25:16,849 INFO  CricketClubDAL.Db - Found 1 rows.
2026-01-07 17:25:16,849 INFO  CricketClubDAL.Db - Executing SQL: select * from ballbyball_innings_status where match_id=443
2026-01-07 17:25:16,852 INFO  CricketClubDAL.Db - Found 1 rows.
2026-01-07 17:25:16,853 INFO  CricketClubDAL.Db - Executing SQL: select count(*) from ballbyball_team where match_id=444
2026-01-07 17:25:16,855 INFO  CricketClubDAL.Db - Found 1 rows.
2026-01-07 17:25:16,856 INFO  CricketClubDAL.Db - Executing SQL: select over_number, value, d.player_id, bowler, [type], angle, p.player_name as batsman_name, out_p.player_name as out_batsman_name, out_player_id, fielder, dismissal_id, description, ball, match_id from ballbyball_data d inner join thevilla_admin.Players p on d.player_id = p.player_id left outer join thevilla_admin.Players out_p on d.out_player_id = out_p.player_id where match_id = 444
2026-01-07 17:25:16,864 INFO  CricketClubDAL.Db - Found 225 rows.
2026-01-07 17:25:16,872 INFO  CricketClubDAL.Db - Executing SQL: select * from thevilla_admin.ballbyball_commentary where match_id =444
2026-01-07 17:25:16,875 INFO  CricketClubDAL.Db - Found 35 rows.
2026-01-07 17:25:16,876 INFO  CricketClubDAL.Db - Executing SQL: select * from dbo.ballbyball_team t, thevilla_admin.players p where match_id=444 and t.player_id = p.player_id
2026-01-07 17:25:16,882 INFO  CricketClubDAL.Db - Found 396 rows.
2026-01-07 17:25:16,885 INFO  CricketClubDAL.Db - Executing SQL: select * from ballbyball_opposition_data where match_id = 444
2026-01-07 17:25:16,887 INFO  CricketClubDAL.Db - Found 2 rows.
2026-01-07 17:25:16,887 INFO  CricketClubDAL.Db - Executing SQL: select * from ballbyball_innings_status where match_id=444
2026-01-07 17:25:16,889 INFO  CricketClubDAL.Db - Found 1 rows.
2026-01-07 17:25:16,890 INFO  CricketClubDAL.Db - Executing SQL: select count(*) from ballbyball_team where match_id=445
2026-01-07 17:25:16,893 INFO  CricketClubDAL.Db - Found 1 rows.
2026-01-07 17:25:16,893 INFO  CricketClubDAL.Db - Executing SQL: select over_number, value, d.player_id, bowler, [type], angle, p.player_name as batsman_name, out_p.player_name as out_batsman_name, out_player_id, fielder, dismissal_id, description, ball, match_id from ballbyball_data d inner join thevilla_admin.Players p on d.player_id = p.player_id left outer join thevilla_admin.Players out_p on d.out_player_id = out_p.player_id where match_id = 445
2026-01-07 17:25:16,900 INFO  CricketClubDAL.Db - Found 40 rows.
2026-01-07 17:25:16,900 INFO  CricketClubDAL.Db - Executing SQL: select * from thevilla_admin.ballbyball_commentary where match_id =445
2026-01-07 17:25:16,903 INFO  CricketClubDAL.Db - Found 40 rows.
2026-01-07 17:25:16,903 INFO  CricketClubDAL.Db - Executing SQL: select * from dbo.ballbyball_team t, thevilla_admin.players p where match_id=445 and t.player_id = p.player_id
2026-01-07 17:25:16,911 INFO  CricketClubDAL.Db - Found 451 rows.
2026-01-07 17:25:16,914 INFO  CricketClubDAL.Db - Executing SQL: select * from ballbyball_opposition_data where match_id = 445
2026-01-07 17:25:16,917 INFO  CricketClubDAL.Db - Found 1 rows.
2026-01-07 17:25:16,918 INFO  CricketClubDAL.Db - Executing SQL: select * from ballbyball_innings_status where match_id=445
2026-01-07 17:25:16,920 INFO  CricketClubDAL.Db - Found 1 rows.
2026-01-07 17:25:16,921 INFO  CricketClubDAL.Db - Executing SQL: select count(*) from ballbyball_team where match_id=446
2026-01-07 17:25:16,925 INFO  CricketClubDAL.Db - Found 1 rows.
2026-01-07 17:25:16,925 INFO  CricketClubDAL.Db - Executing SQL: select count(*) from ballbyball_team where match_id=447
2026-01-07 17:25:16,927 INFO  CricketClubDAL.Db - Found 1 rows.
2026-01-07 17:25:16,927 INFO  CricketClubDAL.Db - Executing SQL: select over_number, value, d.player_id, bowler, [type], angle, p.player_name as batsman_name, out_p.player_name as out_batsman_name, out_player_id, fielder, dismissal_id, description, ball, match_id from ballbyball_data d inner join thevilla_admin.Players p on d.player_id = p.player_id left outer join thevilla_admin.Players out_p on d.out_player_id = out_p.player_id where match_id = 447
2026-01-07 17:25:16,933 INFO  CricketClubDAL.Db - Found 193 rows.
2026-01-07 17:25:16,936 INFO  CricketClubDAL.Db - Executing SQL: select * from thevilla_admin.ballbyball_commentary where match_id =447
2026-01-07 17:25:16,939 INFO  CricketClubDAL.Db - Found 40 rows.
2026-01-07 17:25:16,940 INFO  CricketClubDAL.Db - Executing SQL: select * from dbo.ballbyball_team t, thevilla_admin.players p where match_id=447 and t.player_id = p.player_id
2026-01-07 17:25:16,948 INFO  CricketClubDAL.Db - Found 451 rows.
2026-01-07 17:25:16,950 INFO  CricketClubDAL.Db - Executing SQL: select * from ballbyball_opposition_data where match_id = 447
2026-01-07 17:25:16,951 INFO  CricketClubDAL.Db - Found 1 rows.
2026-01-07 17:25:16,952 INFO  CricketClubDAL.Db - Executing SQL: select * from ballbyball_innings_status where match_id=447
2026-01-07 17:25:16,953 INFO  CricketClubDAL.Db - Found 1 rows.
2026-01-07 17:25:16,953 INFO  CricketClubDAL.Db - Executing SQL: select count(*) from ballbyball_team where match_id=448
2026-01-07 17:25:16,954 INFO  CricketClubDAL.Db - Found 1 rows.
2026-01-07 17:25:16,954 INFO  CricketClubDAL.Db - Executing SQL: select over_number, value, d.player_id, bowler, [type], angle, p.player_name as batsman_name, out_p.player_name as out_batsman_name, out_player_id, fielder, dismissal_id, description, ball, match_id from ballbyball_data d inner join thevilla_admin.Players p on d.player_id = p.player_id left outer join thevilla_admin.Players out_p on d.out_player_id = out_p.player_id where match_id = 448
2026-01-07 17:25:16,961 INFO  CricketClubDAL.Db - Found 155 rows.
2026-01-07 17:25:16,963 INFO  CricketClubDAL.Db - Executing SQL: select * from thevilla_admin.ballbyball_commentary where match_id =448
2026-01-07 17:25:16,966 INFO  CricketClubDAL.Db - Found 25 rows.
2026-01-07 17:25:16,966 INFO  CricketClubDAL.Db - Executing SQL: select * from dbo.ballbyball_team t, thevilla_admin.players p where match_id=448 and t.player_id = p.player_id
2026-01-07 17:25:16,971 INFO  CricketClubDAL.Db - Found 286 rows.
2026-01-07 17:25:16,972 INFO  CricketClubDAL.Db - Executing SQL: select * from ballbyball_opposition_data where match_id = 448
2026-01-07 17:25:16,974 INFO  CricketClubDAL.Db - Found 1 rows.
2026-01-07 17:25:16,975 INFO  CricketClubDAL.Db - Executing SQL: select * from ballbyball_innings_status where match_id=448
2026-01-07 17:25:16,977 INFO  CricketClubDAL.Db - Found 1 rows.
2026-01-07 17:25:16,977 INFO  CricketClubDAL.Db - Executing SQL: select count(*) from ballbyball_team where match_id=449
2026-01-07 17:25:16,978 INFO  CricketClubDAL.Db - Found 1 rows.
2026-01-07 17:25:16,978 INFO  CricketClubDAL.Db - Executing SQL: select over_number, value, d.player_id, bowler, [type], angle, p.player_name as batsman_name, out_p.player_name as out_batsman_name, out_player_id, fielder, dismissal_id, description, ball, match_id from ballbyball_data d inner join thevilla_admin.Players p on d.player_id = p.player_id left outer join thevilla_admin.Players out_p on d.out_player_id = out_p.player_id where match_id = 449
2026-01-07 17:25:16,983 INFO  CricketClubDAL.Db - Found 114 rows.
2026-01-07 17:25:16,986 INFO  CricketClubDAL.Db - Executing SQL: select * from thevilla_admin.ballbyball_commentary where match_id =449
2026-01-07 17:25:16,988 INFO  CricketClubDAL.Db - Found 19 rows.
2026-01-07 17:25:16,988 INFO  CricketClubDAL.Db - Executing SQL: select * from dbo.ballbyball_team t, thevilla_admin.players p where match_id=449 and t.player_id = p.player_id
2026-01-07 17:25:16,994 INFO  CricketClubDAL.Db - Found 220 rows.
2026-01-07 17:25:16,995 INFO  CricketClubDAL.Db - Executing SQL: select * from ballbyball_opposition_data where match_id = 449
2026-01-07 17:25:16,996 INFO  CricketClubDAL.Db - Found 1 rows.
2026-01-07 17:25:16,996 INFO  CricketClubDAL.Db - Executing SQL: select * from ballbyball_innings_status where match_id=449
2026-01-07 17:25:16,997 INFO  CricketClubDAL.Db - Found 1 rows.
2026-01-07 17:25:16,997 INFO  CricketClubDAL.Db - Executing SQL: select count(*) from ballbyball_team where match_id=450
2026-01-07 17:25:16,998 INFO  CricketClubDAL.Db - Found 1 rows.
2026-01-07 17:25:16,999 INFO  CricketClubDAL.Db - Executing SQL: select count(*) from ballbyball_team where match_id=451
2026-01-07 17:25:17,000 INFO  CricketClubDAL.Db - Found 1 rows.
2026-01-07 17:25:17,000 INFO  CricketClubDAL.Db - Executing SQL: select over_number, value, d.player_id, bowler, [type], angle, p.player_name as batsman_name, out_p.player_name as out_batsman_name, out_player_id, fielder, dismissal_id, description, ball, match_id from ballbyball_data d inner join thevilla_admin.Players p on d.player_id = p.player_id left outer join thevilla_admin.Players out_p on d.out_player_id = out_p.player_id where match_id = 451
2026-01-07 17:25:17,008 INFO  CricketClubDAL.Db - Found 201 rows.
2026-01-07 17:25:17,011 INFO  CricketClubDAL.Db - Executing SQL: select * from thevilla_admin.ballbyball_commentary where match_id =451
2026-01-07 17:25:17,014 INFO  CricketClubDAL.Db - Found 40 rows.
2026-01-07 17:25:17,014 INFO  CricketClubDAL.Db - Executing SQL: select * from dbo.ballbyball_team t, thevilla_admin.players p where match_id=451 and t.player_id = p.player_id
2026-01-07 17:25:17,021 INFO  CricketClubDAL.Db - Found 451 rows.
2026-01-07 17:25:17,024 INFO  CricketClubDAL.Db - Executing SQL: select * from ballbyball_opposition_data where match_id = 451
2026-01-07 17:25:17,027 INFO  CricketClubDAL.Db - Found 1 rows.
2026-01-07 17:25:17,027 INFO  CricketClubDAL.Db - Executing SQL: select * from ballbyball_innings_status where match_id=451
2026-01-07 17:25:17,029 INFO  CricketClubDAL.Db - Found 1 rows.
2026-01-07 17:25:17,030 INFO  CricketClubDAL.Db - Executing SQL: select count(*) from ballbyball_team where match_id=452
2026-01-07 17:25:17,032 INFO  CricketClubDAL.Db - Found 1 rows.
2026-01-07 17:25:17,032 INFO  CricketClubDAL.Db - Executing SQL: select over_number, value, d.player_id, bowler, [type], angle, p.player_name as batsman_name, out_p.player_name as out_batsman_name, out_player_id, fielder, dismissal_id, description, ball, match_id from ballbyball_data d inner join thevilla_admin.Players p on d.player_id = p.player_id left outer join thevilla_admin.Players out_p on d.out_player_id = out_p.player_id where match_id = 452
2026-01-07 17:25:17,038 INFO  CricketClubDAL.Db - Found 192 rows.
2026-01-07 17:25:17,044 INFO  CricketClubDAL.Db - Executing SQL: select * from thevilla_admin.ballbyball_commentary where match_id =452
2026-01-07 17:25:17,047 INFO  CricketClubDAL.Db - Found 30 rows.
2026-01-07 17:25:17,047 INFO  CricketClubDAL.Db - Executing SQL: select * from dbo.ballbyball_team t, thevilla_admin.players p where match_id=452 and t.player_id = p.player_id
2026-01-07 17:25:17,055 INFO  CricketClubDAL.Db - Found 341 rows.
2026-01-07 17:25:17,057 INFO  CricketClubDAL.Db - Executing SQL: select * from ballbyball_opposition_data where match_id = 452
2026-01-07 17:25:17,060 INFO  CricketClubDAL.Db - Found 1 rows.
2026-01-07 17:25:17,060 INFO  CricketClubDAL.Db - Executing SQL: select * from ballbyball_innings_status where match_id=452
2026-01-07 17:25:17,065 INFO  CricketClubDAL.Db - Found 1 rows.
2026-01-07 17:25:17,065 INFO  CricketClubDAL.Db - Executing SQL: select count(*) from ballbyball_team where match_id=453
2026-01-07 17:25:17,068 INFO  CricketClubDAL.Db - Found 1 rows.
2026-01-07 17:25:17,069 INFO  CricketClubDAL.Db - Executing SQL: select count(*) from ballbyball_team where match_id=454
2026-01-07 17:25:17,072 INFO  CricketClubDAL.Db - Found 1 rows.
2026-01-07 17:25:17,073 INFO  CricketClubDAL.Db - Executing SQL: select count(*) from ballbyball_team where match_id=455
2026-01-07 17:25:17,076 INFO  CricketClubDAL.Db - Found 1 rows.
2026-01-07 17:25:17,076 INFO  CricketClubDAL.Db - Executing SQL: select count(*) from ballbyball_team where match_id=456
2026-01-07 17:25:17,080 INFO  CricketClubDAL.Db - Found 1 rows.
2026-01-07 17:25:17,080 INFO  CricketClubDAL.Db - Executing SQL: select over_number, value, d.player_id, bowler, [type], angle, p.player_name as batsman_name, out_p.player_name as out_batsman_name, out_player_id, fielder, dismissal_id, description, ball, match_id from ballbyball_data d inner join thevilla_admin.Players p on d.player_id = p.player_id left outer join thevilla_admin.Players out_p on d.out_player_id = out_p.player_id where match_id = 456
2026-01-07 17:25:17,087 INFO  CricketClubDAL.Db - Found 221 rows.
2026-01-07 17:25:17,094 INFO  CricketClubDAL.Db - Executing SQL: select * from thevilla_admin.ballbyball_commentary where match_id =456
2026-01-07 17:25:17,097 INFO  CricketClubDAL.Db - Found 36 rows.
2026-01-07 17:25:17,098 INFO  CricketClubDAL.Db - Executing SQL: select * from dbo.ballbyball_team t, thevilla_admin.players p where match_id=456 and t.player_id = p.player_id
2026-01-07 17:25:17,105 INFO  CricketClubDAL.Db - Found 407 rows.
2026-01-07 17:25:17,107 INFO  CricketClubDAL.Db - Executing SQL: select * from ballbyball_opposition_data where match_id = 456
2026-01-07 17:25:17,109 INFO  CricketClubDAL.Db - Found 2 rows.
2026-01-07 17:25:17,111 INFO  CricketClubDAL.Db - Executing SQL: select * from ballbyball_innings_status where match_id=456
2026-01-07 17:25:17,112 INFO  CricketClubDAL.Db - Found 1 rows.
2026-01-07 17:25:17,112 INFO  CricketClubDAL.Db - Executing SQL: select count(*) from ballbyball_team where match_id=457
2026-01-07 17:25:17,115 INFO  CricketClubDAL.Db - Found 1 rows.
2026-01-07 17:25:17,115 INFO  CricketClubDAL.Db - Executing SQL: select over_number, value, d.player_id, bowler, [type], angle, p.player_name as batsman_name, out_p.player_name as out_batsman_name, out_player_id, fielder, dismissal_id, description, ball, match_id from ballbyball_data d inner join thevilla_admin.Players p on d.player_id = p.player_id left outer join thevilla_admin.Players out_p on d.out_player_id = out_p.player_id where match_id = 457
2026-01-07 17:25:17,123 INFO  CricketClubDAL.Db - Found 220 rows.
2026-01-07 17:25:17,127 INFO  CricketClubDAL.Db - Executing SQL: select * from thevilla_admin.ballbyball_commentary where match_id =457
2026-01-07 17:25:17,131 INFO  CricketClubDAL.Db - Found 36 rows.
2026-01-07 17:25:17,131 INFO  CricketClubDAL.Db - Executing SQL: select * from dbo.ballbyball_team t, thevilla_admin.players p where match_id=457 and t.player_id = p.player_id
2026-01-07 17:25:17,138 INFO  CricketClubDAL.Db - Found 407 rows.
2026-01-07 17:25:17,141 INFO  CricketClubDAL.Db - Executing SQL: select * from ballbyball_opposition_data where match_id = 457
2026-01-07 17:25:17,142 INFO  CricketClubDAL.Db - Found 4 rows.
2026-01-07 17:25:17,144 INFO  CricketClubDAL.Db - Executing SQL: select * from ballbyball_innings_status where match_id=457
2026-01-07 17:25:17,145 INFO  CricketClubDAL.Db - Found 1 rows.
2026-01-07 17:25:17,146 INFO  CricketClubDAL.Db - Executing SQL: select count(*) from ballbyball_team where match_id=458
2026-01-07 17:25:17,148 INFO  CricketClubDAL.Db - Found 1 rows.
2026-01-07 17:25:17,148 INFO  CricketClubDAL.Db - Executing SQL: select over_number, value, d.player_id, bowler, [type], angle, p.player_name as batsman_name, out_p.player_name as out_batsman_name, out_player_id, fielder, dismissal_id, description, ball, match_id from ballbyball_data d inner join thevilla_admin.Players p on d.player_id = p.player_id left outer join thevilla_admin.Players out_p on d.out_player_id = out_p.player_id where match_id = 458
2026-01-07 17:25:17,155 INFO  CricketClubDAL.Db - Found 148 rows.
2026-01-07 17:25:17,158 INFO  CricketClubDAL.Db - Executing SQL: select * from thevilla_admin.ballbyball_commentary where match_id =458
2026-01-07 17:25:17,161 INFO  CricketClubDAL.Db - Found 24 rows.
2026-01-07 17:25:17,161 INFO  CricketClubDAL.Db - Executing SQL: select * from dbo.ballbyball_team t, thevilla_admin.players p where match_id=458 and t.player_id = p.player_id
2026-01-07 17:25:17,168 INFO  CricketClubDAL.Db - Found 275 rows.
2026-01-07 17:25:17,178 INFO  CricketClubDAL.Db - Executing SQL: select * from ballbyball_opposition_data where match_id = 458
2026-01-07 17:25:17,180 INFO  CricketClubDAL.Db - Found 1 rows.
2026-01-07 17:25:17,180 INFO  CricketClubDAL.Db - Executing SQL: select * from ballbyball_innings_status where match_id=458
2026-01-07 17:25:17,181 INFO  CricketClubDAL.Db - Found 1 rows.
2026-01-07 17:25:17,182 INFO  CricketClubDAL.Db - Executing SQL: select count(*) from ballbyball_team where match_id=459
2026-01-07 17:25:17,184 INFO  CricketClubDAL.Db - Found 1 rows.
2026-01-07 17:25:17,184 INFO  CricketClubDAL.Db - Executing SQL: select over_number, value, d.player_id, bowler, [type], angle, p.player_name as batsman_name, out_p.player_name as out_batsman_name, out_player_id, fielder, dismissal_id, description, ball, match_id from ballbyball_data d inner join thevilla_admin.Players p on d.player_id = p.player_id left outer join thevilla_admin.Players out_p on d.out_player_id = out_p.player_id where match_id = 459
2026-01-07 17:25:17,189 INFO  CricketClubDAL.Db - Found 186 rows.
2026-01-07 17:25:17,194 INFO  CricketClubDAL.Db - Executing SQL: select * from thevilla_admin.ballbyball_commentary where match_id =459
2026-01-07 17:25:17,196 INFO  CricketClubDAL.Db - Found 30 rows.
2026-01-07 17:25:17,196 INFO  CricketClubDAL.Db - Executing SQL: select * from dbo.ballbyball_team t, thevilla_admin.players p where match_id=459 and t.player_id = p.player_id
2026-01-07 17:25:17,201 INFO  CricketClubDAL.Db - Found 341 rows.
2026-01-07 17:25:17,203 INFO  CricketClubDAL.Db - Executing SQL: select * from ballbyball_opposition_data where match_id = 459
2026-01-07 17:25:17,205 INFO  CricketClubDAL.Db - Found 1 rows.
2026-01-07 17:25:17,205 INFO  CricketClubDAL.Db - Executing SQL: select * from ballbyball_innings_status where match_id=459
2026-01-07 17:25:17,206 INFO  CricketClubDAL.Db - Found 1 rows.
2026-01-07 17:25:17,207 INFO  CricketClubDAL.Db - Executing SQL: select count(*) from ballbyball_team where match_id=460
2026-01-07 17:25:17,209 INFO  CricketClubDAL.Db - Found 1 rows.
2026-01-07 17:25:17,209 INFO  CricketClubDAL.Db - Executing SQL: select over_number, value, d.player_id, bowler, [type], angle, p.player_name as batsman_name, out_p.player_name as out_batsman_name, out_player_id, fielder, dismissal_id, description, ball, match_id from ballbyball_data d inner join thevilla_admin.Players p on d.player_id = p.player_id left outer join thevilla_admin.Players out_p on d.out_player_id = out_p.player_id where match_id = 460
2026-01-07 17:25:17,215 INFO  CricketClubDAL.Db - Found 235 rows.
2026-01-07 17:25:17,219 INFO  CricketClubDAL.Db - Executing SQL: select * from thevilla_admin.ballbyball_commentary where match_id =460
2026-01-07 17:25:17,220 INFO  CricketClubDAL.Db - Found 36 rows.
2026-01-07 17:25:17,221 INFO  CricketClubDAL.Db - Executing SQL: select * from dbo.ballbyball_team t, thevilla_admin.players p where match_id=460 and t.player_id = p.player_id
2026-01-07 17:25:17,229 INFO  CricketClubDAL.Db - Found 407 rows.
2026-01-07 17:25:17,230 INFO  CricketClubDAL.Db - Executing SQL: select * from ballbyball_opposition_data where match_id = 460
2026-01-07 17:25:17,231 INFO  CricketClubDAL.Db - Found 1 rows.
2026-01-07 17:25:17,232 INFO  CricketClubDAL.Db - Executing SQL: select * from ballbyball_innings_status where match_id=460
2026-01-07 17:25:17,232 INFO  CricketClubDAL.Db - Found 1 rows.
2026-01-07 17:25:17,232 INFO  CricketClubDAL.Db - Executing SQL: select count(*) from ballbyball_team where match_id=461
2026-01-07 17:25:17,233 INFO  CricketClubDAL.Db - Found 1 rows.
2026-01-07 17:25:17,234 INFO  CricketClubDAL.Db - Executing SQL: select count(*) from ballbyball_team where match_id=462
2026-01-07 17:25:17,235 INFO  CricketClubDAL.Db - Found 1 rows.
2026-01-07 17:25:17,235 INFO  CricketClubDAL.Db - Executing SQL: select count(*) from ballbyball_team where match_id=463
2026-01-07 17:25:17,236 INFO  CricketClubDAL.Db - Found 1 rows.
2026-01-07 17:25:17,236 INFO  CricketClubDAL.Db - Executing SQL: select count(*) from ballbyball_team where match_id=464
2026-01-07 17:25:17,238 INFO  CricketClubDAL.Db - Found 1 rows.
2026-01-07 17:25:17,238 INFO  CricketClubDAL.Db - Executing SQL: select count(*) from ballbyball_team where match_id=465
2026-01-07 17:25:17,241 INFO  CricketClubDAL.Db - Found 1 rows.
2026-01-07 17:25:17,241 INFO  CricketClubDAL.Db - Executing SQL: select count(*) from ballbyball_team where match_id=466
2026-01-07 17:25:17,242 INFO  CricketClubDAL.Db - Found 1 rows.
2026-01-07 17:25:17,244 INFO  CricketClubDAL.Db - Executing SQL: select count(*) from ballbyball_team where match_id=467
2026-01-07 17:25:17,245 INFO  CricketClubDAL.Db - Found 1 rows.
2026-01-07 17:25:17,245 INFO  CricketClubDAL.Db - Executing SQL: select count(*) from ballbyball_team where match_id=468
2026-01-07 17:25:17,247 INFO  CricketClubDAL.Db - Found 1 rows.
2026-01-07 17:25:17,247 INFO  CricketClubDAL.Db - Executing SQL: select count(*) from ballbyball_team where match_id=469
2026-01-07 17:25:17,248 INFO  CricketClubDAL.Db - Found 1 rows.
2026-01-07 17:25:17,248 INFO  CricketClubDAL.Db - Executing SQL: select count(*) from ballbyball_team where match_id=470
2026-01-07 17:25:17,249 INFO  CricketClubDAL.Db - Found 1 rows.
2026-01-07 17:25:17,250 INFO  CricketClubDAL.Db - Executing SQL: select count(*) from ballbyball_team where match_id=471
2026-01-07 17:25:17,252 INFO  CricketClubDAL.Db - Found 1 rows.
2026-01-07 17:25:17,252 INFO  CricketClubDAL.Db - Executing SQL: select count(*) from ballbyball_team where match_id=472
2026-01-07 17:25:17,253 INFO  CricketClubDAL.Db - Found 1 rows.
2026-01-07 17:25:17,254 INFO  CricketClubDAL.Db - Executing SQL: select count(*) from ballbyball_team where match_id=473
2026-01-07 17:25:17,255 INFO  CricketClubDAL.Db - Found 1 rows.
2026-01-07 17:25:17,256 INFO  CricketClubDAL.Db - Executing SQL: select count(*) from ballbyball_team where match_id=474
2026-01-07 17:25:17,259 INFO  CricketClubDAL.Db - Found 1 rows.
2026-01-07 17:25:17,260 INFO  CricketClubDAL.Db - Executing SQL: select count(*) from ballbyball_team where match_id=475
2026-01-07 17:25:17,261 INFO  CricketClubDAL.Db - Found 1 rows.
2026-01-07 17:25:17,262 INFO  CricketClubDAL.Db - Executing SQL: select count(*) from ballbyball_team where match_id=476
2026-01-07 17:25:17,264 INFO  CricketClubDAL.Db - Found 1 rows.
2026-01-07 17:25:17,264 INFO  CricketClubDAL.Db - Executing SQL: select count(*) from ballbyball_team where match_id=477
2026-01-07 17:25:17,267 INFO  CricketClubDAL.Db - Found 1 rows.
2026-01-07 17:25:17,267 INFO  CricketClubDAL.Db - Executing SQL: select count(*) from ballbyball_team where match_id=478
2026-01-07 17:25:17,270 INFO  CricketClubDAL.Db - Found 1 rows.
2026-01-07 17:25:17,271 INFO  CricketClubDAL.Db - Executing SQL: select count(*) from ballbyball_team where match_id=479
2026-01-07 17:25:17,273 INFO  CricketClubDAL.Db - Found 1 rows.
2026-01-07 17:25:17,274 INFO  CricketClubDAL.Db - Executing SQL: select count(*) from ballbyball_team where match_id=480
2026-01-07 17:25:17,276 INFO  CricketClubDAL.Db - Found 1 rows.
2026-01-07 17:25:17,276 INFO  CricketClubDAL.Db - Executing SQL: select count(*) from ballbyball_team where match_id=481
2026-01-07 17:25:17,279 INFO  CricketClubDAL.Db - Found 1 rows.
2026-01-07 17:25:17,279 INFO  CricketClubDAL.Db - Executing SQL: select count(*) from ballbyball_team where match_id=482
2026-01-07 17:25:17,281 INFO  CricketClubDAL.Db - Found 1 rows.
2026-01-07 17:25:17,281 INFO  CricketClubDAL.Db - Executing SQL: select count(*) from ballbyball_team where match_id=483
2026-01-07 17:25:17,283 INFO  CricketClubDAL.Db - Found 1 rows.
2026-01-07 17:25:17,283 INFO  CricketClubDAL.Db - Executing SQL: select count(*) from ballbyball_team where match_id=484
2026-01-07 17:25:17,286 INFO  CricketClubDAL.Db - Found 1 rows.
2026-01-07 17:25:17,286 INFO  CricketClubDAL.Db - Executing SQL: select count(*) from ballbyball_team where match_id=485
2026-01-07 17:25:17,288 INFO  CricketClubDAL.Db - Found 1 rows.
2026-01-07 17:25:17,288 INFO  CricketClubDAL.Db - Executing SQL: select count(*) from ballbyball_team where match_id=486
2026-01-07 17:25:17,290 INFO  CricketClubDAL.Db - Found 1 rows.
2026-01-07 17:25:17,292 INFO  CricketClubDAL.Db - Executing SQL: select count(*) from ballbyball_team where match_id=487
2026-01-07 17:25:17,294 INFO  CricketClubDAL.Db - Found 1 rows.
2026-01-07 17:25:17,294 INFO  CricketClubDAL.Db - Executing SQL: select count(*) from ballbyball_team where match_id=488
2026-01-07 17:25:17,295 INFO  CricketClubDAL.Db - Found 1 rows.
2026-01-07 17:25:17,296 INFO  CricketClubDAL.Db - Executing SQL: select count(*) from ballbyball_team where match_id=489
2026-01-07 17:25:17,298 INFO  CricketClubDAL.Db - Found 1 rows.
2026-01-07 17:25:17,298 INFO  CricketClubDAL.Db - Executing SQL: select count(*) from ballbyball_team where match_id=490
2026-01-07 17:25:17,299 INFO  CricketClubDAL.Db - Found 1 rows.
2026-01-07 17:25:19,129 INFO  CricketClubDAL.Db - Executing SQL: select * from thevilla_admin.Matches where match_id = 358
2026-01-07 17:25:19,133 INFO  CricketClubDAL.Db - Found 1 rows.
2026-01-07 17:25:19,134 INFO  CricketClubDAL.Db - Executing SQL: select over_number, value, d.player_id, bowler, [type], angle, p.player_name as batsman_name, out_p.player_name as out_batsman_name, out_player_id, fielder, dismissal_id, description, ball, match_id from ballbyball_data d inner join thevilla_admin.Players p on d.player_id = p.player_id left outer join thevilla_admin.Players out_p on d.out_player_id = out_p.player_id where match_id = 358
2026-01-07 17:25:19,141 INFO  CricketClubDAL.Db - Found 55 rows.
2026-01-07 17:25:19,144 INFO  CricketClubDAL.Db - Executing SQL: select * from thevilla_admin.ballbyball_commentary where match_id =358
2026-01-07 17:25:19,146 INFO  CricketClubDAL.Db - Found 9 rows.
2026-01-07 17:25:19,147 INFO  CricketClubDAL.Db - Executing SQL: select * from dbo.ballbyball_team t, thevilla_admin.players p where match_id=358 and t.player_id = p.player_id
2026-01-07 17:25:19,152 INFO  CricketClubDAL.Db - Found 165 rows.
2026-01-07 17:25:19,153 INFO  CricketClubDAL.Db - Executing SQL: select * from ballbyball_opposition_data where match_id = 358
2026-01-07 17:25:19,155 INFO  CricketClubDAL.Db - Found 0 rows.
2026-01-07 17:25:19,156 INFO  CricketClubDAL.Db - Executing SQL: select * from ballbyball_innings_status where match_id=358
2026-01-07 17:25:19,159 INFO  CricketClubDAL.Db - Found 1 rows.
2026-01-07 17:25:19,164 INFO  CricketClubDAL.Db - Executing SQL: select * from thevilla_admin.Players where player_id = 1
2026-01-07 17:25:19,166 INFO  CricketClubDAL.Db - Found 1 rows.
2026-01-07 17:25:19,166 INFO  CricketClubDAL.Db - Executing SQL: select * from thevilla_admin.Players where player_id = 163
2026-01-07 17:25:19,167 INFO  CricketClubDAL.Db - Found 1 rows.
2026-01-07 17:25:19,174 INFO  CricketClubDAL.Db - Executing SQL: select * from thevilla_admin.Players where player_id = 163
2026-01-07 17:25:19,176 INFO  CricketClubDAL.Db - Found 1 rows.
2026-01-07 17:25:19,178 INFO  CricketClubDAL.Db - Executing SQL: select * from thevilla_admin.batting_scorecards a, thevilla_admin.matches b where a.match_id = b.match_id and player_id = 163
2026-01-07 17:25:19,181 INFO  CricketClubDAL.Db - Found 97 rows.
2026-01-07 17:25:19,182 INFO  CricketClubDAL.Db - Executing SQL: select * from thevilla_admin.bowling_stats a, thevilla_admin.matches b where a.match_id = b.match_id and player_id = 163
2026-01-07 17:25:19,185 INFO  CricketClubDAL.Db - Found 4 rows.
2026-01-07 17:25:19,188 INFO  CricketClubDAL.Db - Executing SQL: select * from thevilla_admin.Players where player_id = 163
2026-01-07 17:25:19,189 INFO  CricketClubDAL.Db - Found 1 rows.
2026-01-07 17:25:19,190 INFO  CricketClubDAL.Db - Executing SQL: select * from thevilla_admin.Players where player_id = 1
2026-01-07 17:25:19,191 INFO  CricketClubDAL.Db - Found 1 rows.
2026-01-07 17:25:19,191 INFO  CricketClubDAL.Db - Executing SQL: select * from thevilla_admin.Players where player_id = 204
2026-01-07 17:25:19,192 INFO  CricketClubDAL.Db - Found 1 rows.
2026-01-07 17:25:19,195 INFO  CricketClubDAL.Db - Executing SQL: select * from thevilla_admin.Players where player_id = 1
2026-01-07 17:25:19,195 INFO  CricketClubDAL.Db - Found 1 rows.
2026-01-07 17:25:19,196 INFO  CricketClubDAL.Db - Executing SQL: select * from thevilla_admin.batting_scorecards a, thevilla_admin.matches b where a.match_id = b.match_id and player_id = 1
2026-01-07 17:25:19,199 INFO  CricketClubDAL.Db - Found 137 rows.
2026-01-07 17:25:19,200 INFO  CricketClubDAL.Db - Executing SQL: select * from thevilla_admin.bowling_stats a, thevilla_admin.matches b where a.match_id = b.match_id and player_id = 1
2026-01-07 17:25:19,203 INFO  CricketClubDAL.Db - Found 13 rows.
2026-01-07 17:25:19,205 INFO  CricketClubDAL.Db - Executing SQL: select * from thevilla_admin.Players where player_id = 204
2026-01-07 17:25:19,206 INFO  CricketClubDAL.Db - Found 1 rows.
2026-01-07 17:25:19,206 INFO  CricketClubDAL.Db - Executing SQL: select * from thevilla_admin.batting_scorecards a, thevilla_admin.matches b where a.match_id = b.match_id and player_id = 204
2026-01-07 17:25:19,210 INFO  CricketClubDAL.Db - Found 122 rows.
2026-01-07 17:25:19,211 INFO  CricketClubDAL.Db - Executing SQL: select * from thevilla_admin.bowling_stats a, thevilla_admin.matches b where a.match_id = b.match_id and player_id = 204
2026-01-07 17:25:19,215 INFO  CricketClubDAL.Db - Found 50 rows.
2026-01-07 17:25:19,221 INFO  CricketClubDAL.Db - Executing SQL: select * from thevilla_admin.Players where player_id = 1
2026-01-07 17:25:19,222 INFO  CricketClubDAL.Db - Found 1 rows.
2026-01-07 17:25:19,223 INFO  CricketClubDAL.Db - Executing SQL: select * from thevilla_admin.batting_scorecards a, thevilla_admin.matches b where a.match_id = b.match_id and player_id = 1
2026-01-07 17:25:19,226 INFO  CricketClubDAL.Db - Found 137 rows.
2026-01-07 17:25:19,227 INFO  CricketClubDAL.Db - Executing SQL: select * from thevilla_admin.bowling_stats a, thevilla_admin.matches b where a.match_id = b.match_id and player_id = 1
2026-01-07 17:25:19,229 INFO  CricketClubDAL.Db - Found 13 rows.
2026-01-07 17:25:19,229 INFO  CricketClubDAL.Db - Executing SQL: select * from thevilla_admin.Players where player_id = 65
2026-01-07 17:25:19,230 INFO  CricketClubDAL.Db - Found 1 rows.
2026-01-07 17:25:19,230 INFO  CricketClubDAL.Db - Executing SQL: select * from thevilla_admin.batting_scorecards a, thevilla_admin.matches b where a.match_id = b.match_id and player_id = 65
2026-01-07 17:25:19,235 INFO  CricketClubDAL.Db - Found 197 rows.
2026-01-07 17:25:19,236 INFO  CricketClubDAL.Db - Executing SQL: select * from thevilla_admin.bowling_stats a, thevilla_admin.matches b where a.match_id = b.match_id and player_id = 65
2026-01-07 17:25:19,240 INFO  CricketClubDAL.Db - Found 190 rows.
2026-01-07 17:25:19,242 INFO  CricketClubDAL.Db - Executing SQL: select * from thevilla_admin.Players where player_id = 88
2026-01-07 17:25:19,243 INFO  CricketClubDAL.Db - Found 1 rows.
2026-01-07 17:25:19,243 INFO  CricketClubDAL.Db - Executing SQL: select * from thevilla_admin.batting_scorecards a, thevilla_admin.matches b where a.match_id = b.match_id and player_id = 88
2026-01-07 17:25:19,247 INFO  CricketClubDAL.Db - Found 88 rows.
2026-01-07 17:25:19,248 INFO  CricketClubDAL.Db - Executing SQL: select * from thevilla_admin.bowling_stats a, thevilla_admin.matches b where a.match_id = b.match_id and player_id = 88
2026-01-07 17:25:19,251 INFO  CricketClubDAL.Db - Found 90 rows.
2026-01-07 17:25:19,252 INFO  CricketClubDAL.Db - Executing SQL: select * from thevilla_admin.Players where player_id = 147
2026-01-07 17:25:19,252 INFO  CricketClubDAL.Db - Found 1 rows.
2026-01-07 17:25:19,253 INFO  CricketClubDAL.Db - Executing SQL: select * from thevilla_admin.batting_scorecards a, thevilla_admin.matches b where a.match_id = b.match_id and player_id = 147
2026-01-07 17:25:19,257 INFO  CricketClubDAL.Db - Found 134 rows.
2026-01-07 17:25:19,258 INFO  CricketClubDAL.Db - Executing SQL: select * from thevilla_admin.bowling_stats a, thevilla_admin.matches b where a.match_id = b.match_id and player_id = 147
2026-01-07 17:25:19,261 INFO  CricketClubDAL.Db - Found 100 rows.
2026-01-07 17:25:19,262 INFO  CricketClubDAL.Db - Executing SQL: select * from thevilla_admin.Players where player_id = 163
2026-01-07 17:25:19,263 INFO  CricketClubDAL.Db - Found 1 rows.
2026-01-07 17:25:19,263 INFO  CricketClubDAL.Db - Executing SQL: select * from thevilla_admin.batting_scorecards a, thevilla_admin.matches b where a.match_id = b.match_id and player_id = 163
2026-01-07 17:25:19,266 INFO  CricketClubDAL.Db - Found 97 rows.
2026-01-07 17:25:19,267 INFO  CricketClubDAL.Db - Executing SQL: select * from thevilla_admin.bowling_stats a, thevilla_admin.matches b where a.match_id = b.match_id and player_id = 163
2026-01-07 17:25:19,267 INFO  CricketClubDAL.Db - Found 4 rows.
2026-01-07 17:25:19,268 INFO  CricketClubDAL.Db - Executing SQL: select * from thevilla_admin.Players where player_id = 171
2026-01-07 17:25:19,268 INFO  CricketClubDAL.Db - Found 1 rows.
2026-01-07 17:25:19,269 INFO  CricketClubDAL.Db - Executing SQL: select * from thevilla_admin.batting_scorecards a, thevilla_admin.matches b where a.match_id = b.match_id and player_id = 171
2026-01-07 17:25:19,271 INFO  CricketClubDAL.Db - Found 126 rows.
2026-01-07 17:25:19,273 INFO  CricketClubDAL.Db - Executing SQL: select * from thevilla_admin.bowling_stats a, thevilla_admin.matches b where a.match_id = b.match_id and player_id = 171
2026-01-07 17:25:19,278 INFO  CricketClubDAL.Db - Found 106 rows.
2026-01-07 17:25:19,279 INFO  CricketClubDAL.Db - Executing SQL: select * from thevilla_admin.Players where player_id = 199
2026-01-07 17:25:19,280 INFO  CricketClubDAL.Db - Found 1 rows.
2026-01-07 17:25:19,280 INFO  CricketClubDAL.Db - Executing SQL: select * from thevilla_admin.batting_scorecards a, thevilla_admin.matches b where a.match_id = b.match_id and player_id = 199
2026-01-07 17:25:19,284 INFO  CricketClubDAL.Db - Found 92 rows.
2026-01-07 17:25:19,285 INFO  CricketClubDAL.Db - Executing SQL: select * from thevilla_admin.bowling_stats a, thevilla_admin.matches b where a.match_id = b.match_id and player_id = 199
2026-01-07 17:25:19,288 INFO  CricketClubDAL.Db - Found 62 rows.
2026-01-07 17:25:19,289 INFO  CricketClubDAL.Db - Executing SQL: select * from thevilla_admin.Players where player_id = 200
2026-01-07 17:25:19,290 INFO  CricketClubDAL.Db - Found 1 rows.
2026-01-07 17:25:19,291 INFO  CricketClubDAL.Db - Executing SQL: select * from thevilla_admin.batting_scorecards a, thevilla_admin.matches b where a.match_id = b.match_id and player_id = 200
2026-01-07 17:25:19,295 INFO  CricketClubDAL.Db - Found 86 rows.
2026-01-07 17:25:19,296 INFO  CricketClubDAL.Db - Executing SQL: select * from thevilla_admin.bowling_stats a, thevilla_admin.matches b where a.match_id = b.match_id and player_id = 200
2026-01-07 17:25:19,299 INFO  CricketClubDAL.Db - Found 51 rows.
2026-01-07 17:25:19,300 INFO  CricketClubDAL.Db - Executing SQL: select * from thevilla_admin.Players where player_id = 204
2026-01-07 17:25:19,302 INFO  CricketClubDAL.Db - Found 1 rows.
2026-01-07 17:25:19,302 INFO  CricketClubDAL.Db - Executing SQL: select * from thevilla_admin.batting_scorecards a, thevilla_admin.matches b where a.match_id = b.match_id and player_id = 204
2026-01-07 17:25:19,303 INFO  CricketClubDAL.Db - Found 122 rows.
2026-01-07 17:25:19,305 INFO  CricketClubDAL.Db - Executing SQL: select * from thevilla_admin.bowling_stats a, thevilla_admin.matches b where a.match_id = b.match_id and player_id = 204
2026-01-07 17:25:19,306 INFO  CricketClubDAL.Db - Found 50 rows.
2026-01-07 17:25:19,307 INFO  CricketClubDAL.Db - Executing SQL: select * from thevilla_admin.Players where player_id = 212
2026-01-07 17:25:19,309 INFO  CricketClubDAL.Db - Found 1 rows.
2026-01-07 17:25:19,309 INFO  CricketClubDAL.Db - Executing SQL: select * from thevilla_admin.batting_scorecards a, thevilla_admin.matches b where a.match_id = b.match_id and player_id = 212
2026-01-07 17:25:19,314 INFO  CricketClubDAL.Db - Found 66 rows.
2026-01-07 17:25:19,314 INFO  CricketClubDAL.Db - Executing SQL: select * from thevilla_admin.bowling_stats a, thevilla_admin.matches b where a.match_id = b.match_id and player_id = 212
2026-01-07 17:25:19,316 INFO  CricketClubDAL.Db - Found 3 rows.
2026-01-07 17:25:19,317 INFO  CricketClubDAL.Db - Executing SQL: select * from thevilla_admin.Players where player_id = 221
2026-01-07 17:25:19,317 INFO  CricketClubDAL.Db - Found 1 rows.
2026-01-07 17:25:19,318 INFO  CricketClubDAL.Db - Executing SQL: select * from thevilla_admin.batting_scorecards a, thevilla_admin.matches b where a.match_id = b.match_id and player_id = 221
2026-01-07 17:25:19,320 INFO  CricketClubDAL.Db - Found 18 rows.
2026-01-07 17:25:19,320 INFO  CricketClubDAL.Db - Executing SQL: select * from thevilla_admin.bowling_stats a, thevilla_admin.matches b where a.match_id = b.match_id and player_id = 221
2026-01-07 17:25:19,325 INFO  CricketClubDAL.Db - Found 8 rows.
2026-01-07 17:25:19,330 ERROR CommandHandler - Error processing command matchState : no payload
System.ArgumentOutOfRangeException: Index and length must refer to a location within the string.
Parameter name: length
   at System.String.Substring(Int32 startIndex, Int32 length)
   at CricketClubMiddle.Stats.BallByBallMatch.<>c.<CreateShortName>b__26_0(String s)
   at System.Linq.Enumerable.WhereSelectArrayIterator`2.MoveNext()
   at System.Linq.Enumerable.<TakeIterator>d__25`1.MoveNext()
   at System.Linq.Enumerable.Aggregate[TSource](IEnumerable`1 source, Func`3 func)
   at CricketClubMiddle.Stats.BallByBallMatch.CreateShortName(String oppositionName)
   at CricketClubMiddle.Stats.BallByBallMatch.GetMatchState()
   at CommandHandler.ReturnCurrentMatchState(HttpContext context, Match match) in c:\Users\graha\Documents\GitHub\thevillagecc\TheVillageCC\villagewebsite\MobileWeb\BallByBall\commandHandler.ashx:line 455
   at CommandHandler.ProcessRequest(HttpContext context) in c:\Users\graha\Documents\GitHub\thevillagecc\TheVillageCC\villagewebsite\MobileWeb\BallByBall\commandHandler.ashx:line 189
2026-01-07 17:25:32,549 INFO  CricketClubDAL.Db - Executing SQL: select * from thevilla_admin.venues
2026-01-07 17:25:32,553 INFO  CricketClubDAL.Db - Found 129 rows.
2026-01-07 17:25:32,554 ERROR CommandHandler - Error processing command listVenues : no payload
System.ArgumentException: Column 'description' does not belong to table Table.
   at System.Data.DataRow.GetDataColumn(String columnName)
   at System.Data.DataRow.get_Item(String columnName)
   at CricketClubDAL.Row.GetString(String columnName)
   at CricketClubDAL.Dao.<>c.<GetAllVenueData>b__24_0(Row r)
   at System.Linq.Enumerable.<>c__DisplayClass7_0`3.<CombineSelectors>b__0(TSource x)
   at System.Linq.Enumerable.WhereSelectEnumerableIterator`2.MoveNext()
   at CricketClubMiddle.Venue.GetAll()
   at CommandHandler.ProcessRequest(HttpContext context) in c:\Users\graha\Documents\GitHub\thevillagecc\TheVillageCC\villagewebsite\MobileWeb\BallByBall\commandHandler.ashx:line 82
2026-01-07 17:25:39,157 INFO  CricketClubDAL.Db - Executing SQL: select * from thevilla_admin.teams
2026-01-07 17:25:39,159 INFO  CricketClubDAL.Db - Found 158 rows.
